2026-04-09 23:26:52,376 [INFO] ============================================================
2026-04-09 23:26:52,376 [INFO] DepositBooster Paper Bot started
2026-04-09 23:26:52,376 [INFO] Strategy: Momentum Breakout + SMC | R:R=3.0 | Min confluence=3
2026-04-09 23:26:52,377 [INFO] Initial balance: $100.00 | Leverage: 20x | Risk/trade: 3%
2026-04-09 23:26:52,377 [INFO] Funding filter: ON | Breakout vol_z >= 1.5
2026-04-09 23:26:52,377 [INFO] Symbols: BTCUSDT, ETHUSDT, SOLUSDT, BNBUSDT, XRPUSDT, DOGEUSDT, ADAUSDT, AVAXUSDT, LINKUSDT, ARBUSDT, APTUSDT, INJUSDT, SUIUSDT, OPUSDT, FETUSDT
2026-04-09 23:26:52,377 [INFO] ============================================================
2026-04-09 23:26:56,162 [INFO] OPEN LONG BTCUSDT @ 72270.9000 | qty=0.017090 | SL=72095.3584 | TP=72797.5249 | score=3 | fee=0.6793
2026-04-09 23:26:56,164 [INFO] Signal: LONG BTCUSDT | score=3 | funding=0.0027% | signals=['EMA_BULL', '15M_BULL', '1H_BULL']
2026-04-09 23:26:59,018 [INFO] OPEN LONG ETHUSDT @ 2219.0500 | qty=0.530388 | SL=2213.3938 | TP=2236.0187 | score=3 | fee=0.6473
2026-04-09 23:26:59,019 [INFO] Signal: LONG ETHUSDT | score=3 | funding=0.0100% | signals=['EMA_BULL', '15M_BULL', '1H_BULL']
2026-04-09 23:27:02,619 [INFO] OPEN LONG SOLUSDT @ 84.4000 | qty=11.840747 | SL=84.1466 | TP=85.1601 | score=3 | fee=0.5496
2026-04-09 23:27:02,620 [INFO] Signal: LONG SOLUSDT | score=3 | funding=0.0100% | signals=['EMA_BULL', '15M_BULL', '1H_BULL']
2026-04-09 23:27:49,830 [INFO] Balance=98.12 | Equity=98.12 | Growth=-1.9% | Trades=0 | WR=0% | PF=0.00 | DD=0.0% | Open=['BTCUSDT', 'ETHUSDT', 'SOLUSDT']
2026-04-09 23:29:39,407 [INFO] Balance=98.12 | Equity=95.36 | Growth=-4.6% | Trades=0 | WR=0% | PF=0.00 | DD=0.0% | Open=['BTCUSDT', 'ETHUSDT', 'SOLUSDT']
2026-04-09 23:31:35,384 [INFO] Balance=98.12 | Equity=95.46 | Growth=-4.5% | Trades=0 | WR=0% | PF=0.00 | DD=0.0% | Open=['BTCUSDT', 'ETHUSDT', 'SOLUSDT']
2026-04-09 23:33:39,991 [INFO] ============================================================
2026-04-09 23:33:39,992 [INFO] DepositBooster Paper Bot started
2026-04-09 23:33:39,992 [INFO] Strategy: Momentum Breakout + SMC | R:R=3.0 | Min confluence=3
2026-04-09 23:33:39,992 [INFO] Initial balance: $100.00 | Leverage: 20x | Risk/trade: 3%
2026-04-09 23:33:39,992 [INFO] Funding filter: ON | Breakout vol_z >= 1.5
2026-04-09 23:33:39,992 [INFO] Symbols: BTCUSDT, ETHUSDT, SOLUSDT, BNBUSDT, XRPUSDT, DOGEUSDT, ADAUSDT, AVAXUSDT, LINKUSDT, ARBUSDT, APTUSDT, INJUSDT, SUIUSDT, OPUSDT, FETUSDT
2026-04-09 23:33:39,993 [INFO] ============================================================
2026-04-09 23:33:49,092 [INFO] OPEN LONG BTCUSDT @ 72376.8000 | qty=0.016022 | SL=72189.5524 | TP=72938.5427 | score=3 | fee=0.6378
2026-04-09 23:33:49,093 [INFO] Signal: LONG BTCUSDT | score=3 | funding=0.0029% | signals=['EMA_BULL', '15M_BULL', '1H_BULL']
2026-04-09 23:33:55,416 [INFO] OPEN LONG ETHUSDT @ 2218.5100 | qty=0.514733 | SL=2212.6817 | TP=2235.9948 | score=3 | fee=0.6281
2026-04-09 23:33:55,417 [INFO] Signal: LONG ETHUSDT | score=3 | funding=0.0100% | signals=['EMA_BULL', '15M_BULL', '1H_BULL']
2026-04-09 23:33:59,247 [INFO] OPEN LONG SOLUSDT @ 84.3800 | qty=11.633585 | SL=84.1221 | TP=85.1536 | score=3 | fee=0.5399
2026-04-09 23:33:59,248 [INFO] Signal: LONG SOLUSDT | score=3 | funding=0.0100% | signals=['EMA_BULL', '15M_BULL', '1H_BULL']
2026-04-09 23:34:32,998 [INFO] Balance=98.19 | Equity=98.19 | Growth=-1.8% | Trades=0 | WR=0% | PF=0.00 | DD=0.0% | Open=['BTCUSDT', 'ETHUSDT', 'SOLUSDT']
2026-04-09 23:36:33,507 [INFO] Balance=98.19 | Equity=98.17 | Growth=-1.8% | Trades=0 | WR=0% | PF=0.00 | DD=0.0% | Open=['BTCUSDT', 'ETHUSDT', 'SOLUSDT']
2026-04-09 23:38:25,697 [INFO] Balance=98.19 | Equity=95.94 | Growth=-4.1% | Trades=0 | WR=0% | PF=0.00 | DD=0.0% | Open=['BTCUSDT', 'ETHUSDT', 'SOLUSDT']
2026-04-09 23:40:55,813 [INFO] ============================================================
2026-04-09 23:40:55,813 [INFO] DepositBooster Paper Bot started
2026-04-09 23:40:55,814 [INFO] Strategy: Momentum Breakout + SMC | R:R=3.0 | Min confluence=3
2026-04-09 23:40:55,814 [INFO] Initial balance: $100.00 | Leverage: 20x | Risk/trade: 3%
2026-04-09 23:40:55,814 [INFO] Funding filter: ON | Breakout vol_z >= 1.5
2026-04-09 23:40:55,814 [INFO] Symbols: BTCUSDT, ETHUSDT, SOLUSDT, BNBUSDT, XRPUSDT, DOGEUSDT, ADAUSDT, AVAXUSDT, LINKUSDT, ARBUSDT, APTUSDT, INJUSDT, SUIUSDT, OPUSDT, FETUSDT
2026-04-09 23:40:55,814 [INFO] ============================================================
2026-04-09 23:40:58,883 [INFO] OPEN LONG BTCUSDT @ 72341.2000 | qty=0.018986 | SL=72183.1860 | TP=72815.2421 | score=3 | fee=0.7554
2026-04-09 23:40:58,884 [INFO] Signal: LONG BTCUSDT | score=3 | funding=0.0030% | signals=['EMA_BULL', '15M_BULL', '1H_BULL']
2026-04-09 23:41:02,478 [INFO] OPEN LONG ETHUSDT @ 2216.0900 | qty=0.595620 | SL=2211.0532 | TP=2231.2003 | score=3 | fee=0.7260
2026-04-09 23:41:02,479 [INFO] Signal: LONG ETHUSDT | score=3 | funding=0.0100% | signals=['EMA_BULL', 'MACD_X_DN', '15M_BULL', '1H_BULL']
2026-04-09 23:41:07,433 [INFO] OPEN LONG SOLUSDT @ 84.2100 | qty=13.009611 | SL=83.9794 | TP=84.9018 | score=3 | fee=0.6025
2026-04-09 23:41:07,434 [INFO] Signal: LONG SOLUSDT | score=3 | funding=0.0100% | signals=['EMA_BULL', '15M_BULL', '1H_BULL']
2026-04-09 23:41:39,223 [INFO] Balance=97.92 | Equity=97.92 | Growth=-2.1% | Trades=0 | WR=0% | PF=0.00 | DD=0.0% | Open=['BTCUSDT', 'ETHUSDT', 'SOLUSDT']
2026-04-09 23:43:57,062 [INFO] Balance=97.92 | Equity=100.39 | Growth=0.4% | Trades=0 | WR=0% | PF=0.00 | DD=0.0% | Open=['BTCUSDT', 'ETHUSDT', 'SOLUSDT']
2026-04-09 23:45:04,857 [ERROR] Too many visits. Exceeded the API Rate Limit. (ErrCode: 10006). Hit the API rate limit on https://api.bybit.com/v5/market/kline?category=linear&interval=15&limit=60&symbol=SOLUSDT. Sleeping then trying again.
2026-04-09 23:45:04,857 [WARNING] kline fetch error [SOLUSDT 15] attempt 1: 'x-bapi-limit-reset-timestamp'
2026-04-09 23:45:08,673 [ERROR] Too many visits. Exceeded the API Rate Limit. (ErrCode: 10006). Hit the API rate limit on https://api.bybit.com/v5/market/kline?category=linear&interval=5&limit=110&symbol=BNBUSDT. Sleeping then trying again.
2026-04-09 23:45:08,674 [WARNING] kline fetch error [BNBUSDT 5] attempt 1: 'x-bapi-limit-reset-timestamp'
2026-04-09 23:45:52,685 [INFO] Balance=97.92 | Equity=99.35 | Growth=-0.6% | Trades=0 | WR=0% | PF=0.00 | DD=0.0% | Open=['BTCUSDT', 'ETHUSDT', 'SOLUSDT']
2026-04-09 23:47:35,326 [INFO] Balance=97.92 | Equity=97.38 | Growth=-2.6% | Trades=0 | WR=0% | PF=0.00 | DD=0.0% | Open=['BTCUSDT', 'ETHUSDT', 'SOLUSDT']
2026-04-09 23:50:18,455 [INFO] Balance=97.92 | Equity=96.37 | Growth=-3.6% | Trades=0 | WR=0% | PF=0.00 | DD=0.0% | Open=['BTCUSDT', 'ETHUSDT', 'SOLUSDT']
2026-04-09 23:52:33,587 [INFO] ❌ CLOSE LONG ETHUSDT @ 2210.2600 | PnL=-4.1965 USDT (-4.20%) | reason=SL | balance=93.72
2026-04-09 23:52:33,588 [INFO] Balance=93.72 | Equity=90.70 | Growth=-9.3% | Trades=1 | WR=0% | PF=0.00 | DD=9.7% | Open=['BTCUSDT', 'SOLUSDT']
2026-04-09 23:53:51,791 [INFO] OPEN LONG ETHUSDT @ 2212.8300 | qty=0.536367 | SL=2207.7571 | TP=2228.0486 | score=3 | fee=0.6528
2026-04-09 23:53:51,809 [INFO] Signal: LONG ETHUSDT | score=3 | funding=0.0100% | signals=['EMA_BULL', '15M_BULL', '1H_BULL']
2026-04-09 23:55:08,214 [INFO] Balance=93.07 | Equity=93.95 | Growth=-6.0% | Trades=1 | WR=0% | PF=0.00 | DD=6.4% | Open=['BTCUSDT', 'SOLUSDT', 'ETHUSDT']
2026-04-09 23:57:19,756 [INFO] Balance=93.07 | Equity=95.53 | Growth=-4.5% | Trades=1 | WR=0% | PF=0.00 | DD=4.8% | Open=['BTCUSDT', 'SOLUSDT', 'ETHUSDT']
2026-04-09 23:59:26,966 [INFO] Balance=93.07 | Equity=93.72 | Growth=-6.3% | Trades=1 | WR=0% | PF=0.00 | DD=6.7% | Open=['BTCUSDT', 'SOLUSDT', 'ETHUSDT']
2026-04-10 00:01:32,332 [INFO] Balance=93.07 | Equity=94.84 | Growth=-5.2% | Trades=1 | WR=0% | PF=0.00 | DD=5.5% | Open=['BTCUSDT', 'SOLUSDT', 'ETHUSDT']
2026-04-10 00:03:40,158 [INFO] Balance=93.07 | Equity=93.31 | Growth=-6.7% | Trades=1 | WR=0% | PF=0.00 | DD=7.1% | Open=['BTCUSDT', 'SOLUSDT', 'ETHUSDT']
2026-04-10 00:06:08,487 [INFO] Balance=93.07 | Equity=99.76 | Growth=-0.2% | Trades=1 | WR=0% | PF=0.00 | DD=0.6% | Open=['BTCUSDT', 'SOLUSDT', 'ETHUSDT']
2026-04-10 00:08:18,545 [INFO] Balance=93.07 | Equity=107.20 | Growth=7.2% | Trades=1 | WR=0% | PF=0.00 | DD=0.0% | Open=['BTCUSDT', 'SOLUSDT', 'ETHUSDT']
2026-04-10 00:10:25,867 [INFO] ✅ CLOSE LONG BTCUSDT @ 72452.6000 | PnL=1.3585 USDT (1.36%) | reason=SL | balance=94.43
2026-04-10 00:10:25,868 [INFO] ✅ CLOSE LONG SOLUSDT @ 84.2900 | PnL=0.4376 USDT (0.44%) | reason=SL | balance=94.86
2026-04-10 00:10:25,869 [INFO] ✅ CLOSE LONG ETHUSDT @ 2214.4300 | PnL=0.2049 USDT (0.20%) | reason=SL | balance=95.07
2026-04-10 00:10:25,993 [INFO] Balance=95.07 | Equity=95.07 | Growth=-4.9% | Trades=4 | WR=75% | PF=0.48 | DD=11.3% | Open=none
2026-04-10 00:11:28,979 [INFO] OPEN LONG BTCUSDT @ 72170.7000 | qty=0.014416 | SL=71972.8554 | TP=72764.2337 | score=3 | fee=0.5722
2026-04-10 00:11:28,980 [INFO] Signal: LONG BTCUSDT | score=3 | funding=0.0040% | signals=['EMA_BULL', 'MACD_X_DN', '15M_BULL', '1H_BULL']
2026-04-10 00:11:35,350 [INFO] OPEN LONG SOLUSDT @ 84.1700 | qty=9.448830 | SL=83.8682 | TP=85.0755 | score=3 | fee=0.4374
2026-04-10 00:11:35,352 [INFO] Signal: LONG SOLUSDT | score=3 | funding=0.0100% | signals=['EMA_BULL', '15M_BULL', '1H_BULL']
2026-04-10 00:11:38,575 [INFO] OPEN LONG BNBUSDT @ 607.6000 | qty=2.557632 | SL=606.4849 | TP=610.9453 | score=3 | fee=0.8547
2026-04-10 00:11:38,576 [INFO] Signal: LONG BNBUSDT | score=3 | funding=0.0100% | signals=['EMA_BULL', '15M_BULL', '1H_BULL']
2026-04-10 00:12:36,332 [INFO] Balance=93.20 | Equity=93.20 | Growth=-6.8% | Trades=4 | WR=75% | PF=0.48 | DD=13.1% | Open=['BTCUSDT', 'SOLUSDT', 'BNBUSDT']
2026-04-10 00:15:04,280 [INFO] Balance=93.20 | Equity=97.92 | Growth=-2.1% | Trades=4 | WR=75% | PF=0.48 | DD=8.7% | Open=['BTCUSDT', 'SOLUSDT', 'BNBUSDT']
2026-04-10 00:17:09,395 [INFO] Balance=93.20 | Equity=98.34 | Growth=-1.7% | Trades=4 | WR=75% | PF=0.48 | DD=8.3% | Open=['BTCUSDT', 'SOLUSDT', 'BNBUSDT']
2026-04-10 00:19:12,753 [INFO] Balance=93.20 | Equity=95.98 | Growth=-4.0% | Trades=4 | WR=75% | PF=0.48 | DD=10.5% | Open=['BTCUSDT', 'SOLUSDT', 'BNBUSDT']
2026-04-10 00:21:15,844 [INFO] Balance=93.20 | Equity=94.05 | Growth=-6.0% | Trades=4 | WR=75% | PF=0.48 | DD=12.3% | Open=['BTCUSDT', 'SOLUSDT', 'BNBUSDT']
2026-04-10 00:23:26,442 [INFO] Balance=93.20 | Equity=92.82 | Growth=-7.2% | Trades=4 | WR=75% | PF=0.48 | DD=13.4% | Open=['BTCUSDT', 'SOLUSDT', 'BNBUSDT']
2026-04-10 00:25:34,681 [INFO] Balance=93.20 | Equity=95.39 | Growth=-4.6% | Trades=4 | WR=75% | PF=0.48 | DD=11.0% | Open=['BTCUSDT', 'SOLUSDT', 'BNBUSDT']
2026-04-10 00:27:38,029 [INFO] Balance=93.20 | Equity=98.33 | Growth=-1.7% | Trades=4 | WR=75% | PF=0.48 | DD=8.3% | Open=['BTCUSDT', 'SOLUSDT', 'BNBUSDT']
2026-04-10 00:29:54,013 [INFO] Balance=93.20 | Equity=94.43 | Growth=-5.6% | Trades=4 | WR=75% | PF=0.48 | DD=11.9% | Open=['BTCUSDT', 'SOLUSDT', 'BNBUSDT']
2026-04-10 00:32:04,395 [INFO] Balance=93.20 | Equity=93.46 | Growth=-6.5% | Trades=4 | WR=75% | PF=0.48 | DD=12.8% | Open=['BTCUSDT', 'SOLUSDT', 'BNBUSDT']
2026-04-10 00:34:09,485 [INFO] Balance=93.20 | Equity=92.74 | Growth=-7.3% | Trades=4 | WR=75% | PF=0.48 | DD=13.5% | Open=['BTCUSDT', 'SOLUSDT', 'BNBUSDT']
2026-04-10 00:36:10,945 [INFO] Balance=93.20 | Equity=95.04 | Growth=-5.0% | Trades=4 | WR=75% | PF=0.48 | DD=11.3% | Open=['BTCUSDT', 'SOLUSDT', 'BNBUSDT']
2026-04-10 00:38:19,055 [INFO] Balance=93.20 | Equity=94.41 | Growth=-5.6% | Trades=4 | WR=75% | PF=0.48 | DD=11.9% | Open=['BTCUSDT', 'SOLUSDT', 'BNBUSDT']
2026-04-10 00:40:26,775 [INFO] Balance=93.20 | Equity=92.70 | Growth=-7.3% | Trades=4 | WR=75% | PF=0.48 | DD=13.5% | Open=['BTCUSDT', 'SOLUSDT', 'BNBUSDT']
2026-04-10 00:42:36,441 [INFO] Balance=93.20 | Equity=97.56 | Growth=-2.4% | Trades=4 | WR=75% | PF=0.48 | DD=9.0% | Open=['BTCUSDT', 'SOLUSDT', 'BNBUSDT']
2026-04-10 00:45:09,935 [INFO] Balance=93.20 | Equity=97.72 | Growth=-2.3% | Trades=4 | WR=75% | PF=0.48 | DD=8.8% | Open=['BTCUSDT', 'SOLUSDT', 'BNBUSDT']
2026-04-10 00:47:15,872 [INFO] Balance=93.20 | Equity=99.87 | Growth=-0.1% | Trades=4 | WR=75% | PF=0.48 | DD=6.8% | Open=['BTCUSDT', 'SOLUSDT', 'BNBUSDT']
2026-04-10 00:49:24,107 [INFO] Balance=93.20 | Equity=99.16 | Growth=-0.8% | Trades=4 | WR=75% | PF=0.48 | DD=7.5% | Open=['BTCUSDT', 'SOLUSDT', 'BNBUSDT']
2026-04-10 00:51:32,022 [INFO] Balance=93.20 | Equity=98.84 | Growth=-1.2% | Trades=4 | WR=75% | PF=0.48 | DD=7.8% | Open=['BTCUSDT', 'SOLUSDT', 'BNBUSDT']
2026-04-10 00:53:50,686 [INFO] Balance=93.20 | Equity=96.80 | Growth=-3.2% | Trades=4 | WR=75% | PF=0.48 | DD=9.7% | Open=['BTCUSDT', 'SOLUSDT', 'BNBUSDT']
2026-04-10 00:56:08,274 [INFO] ✅ CLOSE LONG SOLUSDT @ 84.2900 | PnL=0.6958 USDT (0.70%) | reason=SL | balance=93.90
2026-04-10 00:56:08,275 [INFO] Balance=93.90 | Equity=94.16 | Growth=-5.8% | Trades=5 | WR=80% | PF=0.64 | DD=12.2% | Open=['BTCUSDT', 'BNBUSDT']
2026-04-10 00:57:20,852 [INFO] OPEN LONG SOLUSDT @ 84.3200 | qty=12.673382 | SL=84.0971 | TP=84.9887 | score=3 | fee=0.5877
2026-04-10 00:57:20,853 [INFO] Signal: LONG SOLUSDT | score=3 | funding=0.0100% | signals=['EMA_BULL', '15M_BULL', '1H_BULL']
2026-04-10 00:58:19,747 [INFO] Balance=93.31 | Equity=93.07 | Growth=-6.9% | Trades=5 | WR=80% | PF=0.64 | DD=13.2% | Open=['BTCUSDT', 'BNBUSDT', 'SOLUSDT']
2026-04-10 01:00:06,350 [ERROR] Too many visits. Exceeded the API Rate Limit. (ErrCode: 10006). Hit the API rate limit on https://api.bybit.com/v5/market/kline?category=linear&interval=5&limit=110&symbol=LINKUSDT. Sleeping then trying again.
2026-04-10 01:00:06,350 [WARNING] kline fetch error [LINKUSDT 5] attempt 1: 'x-bapi-limit-reset-timestamp'
2026-04-10 01:00:07,999 [ERROR] Too many visits. Exceeded the API Rate Limit. (ErrCode: 10006). Hit the API rate limit on https://api.bybit.com/v5/market/kline?category=linear&interval=5&limit=110&symbol=LINKUSDT. Sleeping then trying again.
2026-04-10 01:00:07,999 [WARNING] kline fetch error [LINKUSDT 5] attempt 2: 'x-bapi-limit-reset-timestamp'
2026-04-10 01:00:27,085 [ERROR] Too many visits. Exceeded the API Rate Limit. (ErrCode: 10006). Hit the API rate limit on https://api.bybit.com/v5/market/kline?category=linear&interval=15&limit=60&symbol=OPUSDT. Sleeping then trying again.
2026-04-10 01:00:27,086 [WARNING] kline fetch error [OPUSDT 15] attempt 1: 'x-bapi-limit-reset-timestamp'
2026-04-10 01:00:31,852 [INFO] Balance=93.31 | Equity=89.74 | Growth=-10.3% | Trades=5 | WR=80% | PF=0.64 | DD=16.3% | Open=['BTCUSDT', 'BNBUSDT', 'SOLUSDT']
2026-04-10 01:02:34,147 [INFO] Balance=93.31 | Equity=92.52 | Growth=-7.5% | Trades=5 | WR=80% | PF=0.64 | DD=13.7% | Open=['BTCUSDT', 'BNBUSDT', 'SOLUSDT']
2026-04-10 01:04:38,879 [INFO] Balance=93.31 | Equity=93.50 | Growth=-6.5% | Trades=5 | WR=80% | PF=0.64 | DD=12.8% | Open=['BTCUSDT', 'BNBUSDT', 'SOLUSDT']
2026-04-10 01:06:54,158 [INFO] Balance=93.31 | Equity=93.00 | Growth=-7.0% | Trades=5 | WR=80% | PF=0.64 | DD=13.2% | Open=['BTCUSDT', 'BNBUSDT', 'SOLUSDT']
2026-04-10 01:09:08,608 [INFO] Balance=93.31 | Equity=94.84 | Growth=-5.2% | Trades=5 | WR=80% | PF=0.64 | DD=11.5% | Open=['BTCUSDT', 'BNBUSDT', 'SOLUSDT']
2026-04-10 01:11:16,771 [INFO] Balance=93.31 | Equity=95.77 | Growth=-4.2% | Trades=5 | WR=80% | PF=0.64 | DD=10.7% | Open=['BTCUSDT', 'BNBUSDT', 'SOLUSDT']
2026-04-10 01:13:18,020 [INFO] Balance=93.31 | Equity=98.12 | Growth=-1.9% | Trades=5 | WR=80% | PF=0.64 | DD=8.5% | Open=['BTCUSDT', 'BNBUSDT', 'SOLUSDT']
2026-04-10 01:15:09,313 [ERROR] Too many visits. Exceeded the API Rate Limit. (ErrCode: 10006). Hit the API rate limit on https://api.bybit.com/v5/market/kline?category=linear&interval=5&limit=110&symbol=APTUSDT. Sleeping then trying again.
2026-04-10 01:15:09,314 [WARNING] kline fetch error [APTUSDT 5] attempt 1: 'x-bapi-limit-reset-timestamp'
2026-04-10 01:15:24,346 [INFO] Balance=93.31 | Equity=99.91 | Growth=-0.1% | Trades=5 | WR=80% | PF=0.64 | DD=6.8% | Open=['BTCUSDT', 'BNBUSDT', 'SOLUSDT']
2026-04-10 01:17:29,703 [INFO] Balance=93.31 | Equity=106.65 | Growth=6.7% | Trades=5 | WR=80% | PF=0.64 | DD=0.5% | Open=['BTCUSDT', 'BNBUSDT', 'SOLUSDT']
2026-04-10 01:19:32,411 [INFO] ✅ CLOSE LONG BTCUSDT @ 72977.9000 | PnL=11.0580 USDT (11.06%) | reason=TP | balance=104.37
2026-04-10 01:19:32,412 [INFO] ✅ CLOSE LONG BNBUSDT @ 611.1000 | PnL=8.0921 USDT (8.09%) | reason=TP | balance=112.46
2026-04-10 01:19:32,413 [INFO] ✅ CLOSE LONG SOLUSDT @ 85.6500 | PnL=16.2586 USDT (16.26%) | reason=TP | balance=128.72
2026-04-10 01:19:32,414 [INFO] Balance=128.72 | Equity=128.72 | Growth=28.7% | Trades=8 | WR=88% | PF=9.08 | DD=0.0% | Open=none
2026-04-10 01:20:35,742 [INFO] OPEN LONG BTCUSDT @ 72749.0000 | qty=0.016970 | SL=72521.4442 | TP=73431.6673 | score=4 | fee=0.6790
2026-04-10 01:20:35,743 [INFO] Signal: LONG BTCUSDT | score=4 | funding=0.0061% | signals=['FVG_BULL', 'EMA_BULL', '15M_BULL', '1H_BULL']
2026-04-10 01:20:38,696 [INFO] OPEN LONG ETHUSDT @ 2230.2000 | qty=0.444052 | SL=2221.5037 | TP=2256.2889 | score=4 | fee=0.5447
2026-04-10 01:20:38,697 [INFO] Signal: LONG ETHUSDT | score=4 | funding=0.0100% | signals=['FVG_BULL', 'EMA_BULL', '15M_BULL', '1H_BULL']
2026-04-10 01:20:52,891 [INFO] OPEN LONG SOLUSDT @ 85.2600 | qty=9.332217 | SL=84.8462 | TP=86.5014 | score=4 | fee=0.4376
2026-04-10 01:20:52,892 [INFO] Signal: LONG SOLUSDT | score=4 | funding=0.0100% | signals=['FVG_BULL', 'EMA_BULL', '15M_BULL', '1H_BULL']
2026-04-10 01:21:38,360 [INFO] Balance=127.06 | Equity=127.06 | Growth=27.1% | Trades=8 | WR=88% | PF=9.08 | DD=1.3% | Open=['BTCUSDT', 'ETHUSDT', 'SOLUSDT']
2026-04-10 01:24:11,985 [INFO] Balance=127.06 | Equity=123.69 | Growth=23.7% | Trades=8 | WR=88% | PF=9.08 | DD=3.9% | Open=['BTCUSDT', 'ETHUSDT', 'SOLUSDT']
2026-04-10 01:26:16,554 [INFO] Balance=127.06 | Equity=125.31 | Growth=25.3% | Trades=8 | WR=88% | PF=9.08 | DD=2.6% | Open=['BTCUSDT', 'ETHUSDT', 'SOLUSDT']
2026-04-10 01:28:25,970 [INFO] Balance=127.06 | Equity=120.30 | Growth=20.3% | Trades=8 | WR=88% | PF=9.08 | DD=6.5% | Open=['BTCUSDT', 'ETHUSDT', 'SOLUSDT']
2026-04-10 01:30:30,050 [INFO] Balance=127.06 | Equity=119.01 | Growth=19.0% | Trades=8 | WR=88% | PF=9.08 | DD=7.5% | Open=['BTCUSDT', 'ETHUSDT', 'SOLUSDT']
2026-04-10 01:32:37,589 [INFO] ❌ CLOSE LONG BTCUSDT @ 72437.5000 | PnL=-5.9623 USDT (-5.96%) | reason=SL | balance=121.10
2026-04-10 01:32:37,591 [INFO] ❌ CLOSE LONG ETHUSDT @ 2217.1500 | PnL=-6.3364 USDT (-6.34%) | reason=SL | balance=114.76
2026-04-10 01:32:37,602 [INFO] ❌ CLOSE LONG SOLUSDT @ 84.7900 | PnL=-4.8213 USDT (-4.82%) | reason=SL | balance=109.94
2026-04-10 01:32:37,604 [INFO] Balance=109.94 | Equity=109.94 | Growth=9.9% | Trades=11 | WR=64% | PF=1.79 | DD=14.6% | Open=none
2026-04-10 01:33:40,715 [INFO] OPEN LONG BTCUSDT @ 72506.9000 | qty=0.013753 | SL=72267.0889 | TP=73226.3334 | score=3 | fee=0.5485
2026-04-10 01:33:40,716 [INFO] Signal: LONG BTCUSDT | score=3 | funding=0.0068% | signals=['FVG_BEAR', 'EMA_BULL', '15M_BULL', '1H_BULL']
2026-04-10 01:34:03,153 [INFO] OPEN LONG ETHUSDT @ 2218.7000 | qty=0.340827 | SL=2209.0231 | TP=2247.7308 | score=4 | fee=0.4159
2026-04-10 01:34:03,154 [INFO] Signal: LONG ETHUSDT | score=4 | funding=0.0100% | signals=['FVG_BULL', 'EMA_BULL', '15M_BULL', '1H_BULL']
2026-04-10 01:34:06,164 [INFO] OPEN LONG SOLUSDT @ 84.8700 | qty=7.772585 | SL=84.4457 | TP=86.1430 | score=4 | fee=0.3628
2026-04-10 01:34:06,165 [INFO] Signal: LONG SOLUSDT | score=4 | funding=0.0100% | signals=['OB_BEAR', 'FVG_BULL', 'EMA_BULL', '15M_BULL', '1H_BULL']
2026-04-10 01:34:52,671 [INFO] Balance=108.61 | Equity=108.61 | Growth=8.6% | Trades=11 | WR=64% | PF=1.79 | DD=15.6% | Open=['BTCUSDT', 'ETHUSDT', 'SOLUSDT']
2026-04-10 01:37:06,442 [INFO] Balance=108.61 | Equity=103.44 | Growth=3.4% | Trades=11 | WR=64% | PF=1.79 | DD=19.6% | Open=['BTCUSDT', 'ETHUSDT', 'SOLUSDT']
2026-04-10 01:39:16,709 [INFO] Balance=108.61 | Equity=104.50 | Growth=4.5% | Trades=11 | WR=64% | PF=1.79 | DD=18.8% | Open=['BTCUSDT', 'ETHUSDT', 'SOLUSDT']
2026-04-10 01:41:18,124 [INFO] Balance=108.61 | Equity=101.47 | Growth=1.5% | Trades=11 | WR=64% | PF=1.79 | DD=21.2% | Open=['BTCUSDT', 'ETHUSDT', 'SOLUSDT']
2026-04-10 01:42:33,910 [WARNING] Max drawdown 21.2% hit. Trading halted.
2026-04-10 01:43:26,617 [INFO] ❌ CLOSE LONG SOLUSDT @ 84.3800 | PnL=-4.1693 USDT (-4.17%) | reason=SL | balance=104.44
2026-04-10 01:43:26,618 [INFO] Balance=104.44 | Equity=99.90 | Growth=-0.1% | Trades=12 | WR=58% | PF=1.50 | DD=22.4% | Open=['BTCUSDT', 'ETHUSDT']
2026-04-10 01:43:26,619 [WARNING] Trading halted. Waiting 60s...
2026-04-10 01:45:08,628 [ERROR] Too many visits. Exceeded the API Rate Limit. (ErrCode: 10006). Hit the API rate limit on https://api.bybit.com/v5/market/kline?category=linear&interval=15&limit=60&symbol=DOGEUSDT. Sleeping then trying again.
2026-04-10 01:45:08,629 [WARNING] kline fetch error [DOGEUSDT 15] attempt 1: 'x-bapi-limit-reset-timestamp'
2026-04-10 01:45:39,065 [INFO] Balance=104.44 | Equity=98.97 | Growth=-1.0% | Trades=12 | WR=58% | PF=1.50 | DD=23.1% | Open=['BTCUSDT', 'ETHUSDT']
2026-04-10 01:45:39,065 [WARNING] Trading halted. Waiting 60s...
2026-04-10 01:48:06,900 [INFO] Balance=104.44 | Equity=98.52 | Growth=-1.5% | Trades=12 | WR=58% | PF=1.50 | DD=23.5% | Open=['BTCUSDT', 'ETHUSDT']
2026-04-10 01:48:06,900 [WARNING] Trading halted. Waiting 60s...
2026-04-10 01:50:13,805 [INFO] ❌ CLOSE LONG BTCUSDT @ 72241.9000 | PnL=-4.1910 USDT (-4.19%) | reason=SL | balance=100.25
2026-04-10 01:50:13,806 [INFO] ❌ CLOSE LONG ETHUSDT @ 2208.6900 | PnL=-3.8257 USDT (-3.83%) | reason=SL | balance=96.43
2026-04-10 01:50:13,808 [INFO] Balance=96.43 | Equity=96.43 | Growth=-3.6% | Trades=14 | WR=50% | PF=1.14 | DD=25.1% | Open=none
2026-04-10 01:50:13,808 [WARNING] Trading halted. Waiting 60s...
2026-04-10 01:52:20,998 [INFO] Balance=96.43 | Equity=96.43 | Growth=-3.6% | Trades=14 | WR=50% | PF=1.14 | DD=25.1% | Open=none
2026-04-10 01:52:20,998 [WARNING] Trading halted. Waiting 60s...
2026-04-10 01:54:28,885 [INFO] Balance=96.43 | Equity=96.43 | Growth=-3.6% | Trades=14 | WR=50% | PF=1.14 | DD=25.1% | Open=none
2026-04-10 01:54:28,885 [WARNING] Trading halted. Waiting 60s...
2026-04-10 01:56:37,959 [INFO] Balance=96.43 | Equity=96.43 | Growth=-3.6% | Trades=14 | WR=50% | PF=1.14 | DD=25.1% | Open=none
2026-04-10 01:56:37,959 [WARNING] Trading halted. Waiting 60s...
2026-04-10 01:59:02,512 [INFO] Balance=96.43 | Equity=96.43 | Growth=-3.6% | Trades=14 | WR=50% | PF=1.14 | DD=25.1% | Open=none
2026-04-10 01:59:02,512 [WARNING] Trading halted. Waiting 60s...
2026-04-10 02:00:06,191 [ERROR] Too many visits. Exceeded the API Rate Limit. (ErrCode: 10006). Hit the API rate limit on https://api.bybit.com/v5/market/kline?category=linear&interval=5&limit=110&symbol=ETHUSDT. Sleeping then trying again.
2026-04-10 02:00:06,192 [WARNING] kline fetch error [ETHUSDT 5] attempt 1: 'x-bapi-limit-reset-timestamp'
2026-04-10 02:00:07,429 [ERROR] Too many visits. Exceeded the API Rate Limit. (ErrCode: 10006). Hit the API rate limit on https://api.bybit.com/v5/market/kline?category=linear&interval=5&limit=110&symbol=ETHUSDT. Sleeping then trying again.
2026-04-10 02:00:07,429 [WARNING] kline fetch error [ETHUSDT 5] attempt 2: 'x-bapi-limit-reset-timestamp'
2026-04-10 02:00:10,358 [ERROR] Too many visits. Exceeded the API Rate Limit. (ErrCode: 10006). Hit the API rate limit on https://api.bybit.com/v5/market/kline?category=linear&interval=15&limit=60&symbol=ETHUSDT. Sleeping then trying again.
2026-04-10 02:00:10,358 [WARNING] kline fetch error [ETHUSDT 15] attempt 1: 'x-bapi-limit-reset-timestamp'
2026-04-10 02:00:29,689 [ERROR] Too many visits. Exceeded the API Rate Limit. (ErrCode: 10006). Hit the API rate limit on https://api.bybit.com/v5/market/kline?category=linear&interval=60&limit=60&symbol=AVAXUSDT. Sleeping then trying again.
2026-04-10 02:00:29,689 [WARNING] kline fetch error [AVAXUSDT 60] attempt 1: 'x-bapi-limit-reset-timestamp'
2026-04-10 02:01:11,072 [INFO] Balance=96.43 | Equity=96.43 | Growth=-3.6% | Trades=14 | WR=50% | PF=1.14 | DD=25.1% | Open=none
2026-04-10 02:01:11,072 [WARNING] Trading halted. Waiting 60s...
2026-04-10 02:03:14,423 [INFO] Balance=96.43 | Equity=96.43 | Growth=-3.6% | Trades=14 | WR=50% | PF=1.14 | DD=25.1% | Open=none
2026-04-10 02:03:14,424 [WARNING] Trading halted. Waiting 60s...
2026-04-10 02:05:21,355 [INFO] Balance=96.43 | Equity=96.43 | Growth=-3.6% | Trades=14 | WR=50% | PF=1.14 | DD=25.1% | Open=none
2026-04-10 02:05:21,355 [WARNING] Trading halted. Waiting 60s...
2026-04-10 02:07:28,055 [INFO] Balance=96.43 | Equity=96.43 | Growth=-3.6% | Trades=14 | WR=50% | PF=1.14 | DD=25.1% | Open=none
2026-04-10 02:07:28,056 [WARNING] Trading halted. Waiting 60s...
2026-04-10 02:09:33,088 [INFO] Balance=96.43 | Equity=96.43 | Growth=-3.6% | Trades=14 | WR=50% | PF=1.14 | DD=25.1% | Open=none
2026-04-10 02:09:33,089 [WARNING] Trading halted. Waiting 60s...
2026-04-10 02:11:38,793 [INFO] Balance=96.43 | Equity=96.43 | Growth=-3.6% | Trades=14 | WR=50% | PF=1.14 | DD=25.1% | Open=none
2026-04-10 02:11:38,794 [WARNING] Trading halted. Waiting 60s...
2026-04-10 02:14:07,329 [INFO] Balance=96.43 | Equity=96.43 | Growth=-3.6% | Trades=14 | WR=50% | PF=1.14 | DD=25.1% | Open=none
2026-04-10 02:14:07,329 [WARNING] Trading halted. Waiting 60s...
2026-04-10 02:16:20,711 [INFO] Balance=96.43 | Equity=96.43 | Growth=-3.6% | Trades=14 | WR=50% | PF=1.14 | DD=25.1% | Open=none
2026-04-10 02:16:20,711 [WARNING] Trading halted. Waiting 60s...
2026-04-10 02:18:32,652 [INFO] Balance=96.43 | Equity=96.43 | Growth=-3.6% | Trades=14 | WR=50% | PF=1.14 | DD=25.1% | Open=none
2026-04-10 02:18:32,653 [WARNING] Trading halted. Waiting 60s...
2026-04-10 02:20:41,201 [INFO] Balance=96.43 | Equity=96.43 | Growth=-3.6% | Trades=14 | WR=50% | PF=1.14 | DD=25.1% | Open=none
2026-04-10 02:20:41,201 [WARNING] Trading halted. Waiting 60s...
2026-04-10 02:23:10,538 [INFO] Balance=96.43 | Equity=96.43 | Growth=-3.6% | Trades=14 | WR=50% | PF=1.14 | DD=25.1% | Open=none
2026-04-10 02:23:10,539 [WARNING] Trading halted. Waiting 60s...
2026-04-10 02:25:12,176 [ERROR] Too many visits. Exceeded the API Rate Limit. (ErrCode: 10006). Hit the API rate limit on https://api.bybit.com/v5/market/kline?category=linear&interval=5&limit=110&symbol=OPUSDT. Sleeping then trying again.
2026-04-10 02:25:12,176 [WARNING] kline fetch error [OPUSDT 5] attempt 1: 'x-bapi-limit-reset-timestamp'
2026-04-10 02:25:18,869 [INFO] Balance=96.43 | Equity=96.43 | Growth=-3.6% | Trades=14 | WR=50% | PF=1.14 | DD=25.1% | Open=none
2026-04-10 02:25:18,870 [WARNING] Trading halted. Waiting 60s...
2026-04-10 02:27:08,799 [WARNING] ticker error [LINKUSDT]: ('Connection aborted.', ConnectionResetError(10054, 'Удаленный хост принудительно разорвал существующее подключение', None, 10054, None))
2026-04-10 02:27:26,128 [INFO] Balance=96.43 | Equity=96.43 | Growth=-3.6% | Trades=14 | WR=50% | PF=1.14 | DD=25.1% | Open=none
2026-04-10 02:27:26,128 [WARNING] Trading halted. Waiting 60s...
2026-04-10 02:29:28,413 [INFO] Balance=96.43 | Equity=96.43 | Growth=-3.6% | Trades=14 | WR=50% | PF=1.14 | DD=25.1% | Open=none
2026-04-10 02:29:28,413 [WARNING] Trading halted. Waiting 60s...
2026-04-10 02:31:33,309 [INFO] Balance=96.43 | Equity=96.43 | Growth=-3.6% | Trades=14 | WR=50% | PF=1.14 | DD=25.1% | Open=none
2026-04-10 02:31:33,310 [WARNING] Trading halted. Waiting 60s...
2026-04-10 02:34:06,143 [INFO] Balance=96.43 | Equity=96.43 | Growth=-3.6% | Trades=14 | WR=50% | PF=1.14 | DD=25.1% | Open=none
2026-04-10 02:34:06,144 [WARNING] Trading halted. Waiting 60s...
2026-04-10 02:36:14,419 [INFO] Balance=96.43 | Equity=96.43 | Growth=-3.6% | Trades=14 | WR=50% | PF=1.14 | DD=25.1% | Open=none
2026-04-10 02:36:14,419 [WARNING] Trading halted. Waiting 60s...
2026-04-10 02:38:22,177 [INFO] Balance=96.43 | Equity=96.43 | Growth=-3.6% | Trades=14 | WR=50% | PF=1.14 | DD=25.1% | Open=none
2026-04-10 02:38:22,178 [WARNING] Trading halted. Waiting 60s...
2026-04-10 02:40:27,446 [INFO] Balance=96.43 | Equity=96.43 | Growth=-3.6% | Trades=14 | WR=50% | PF=1.14 | DD=25.1% | Open=none
2026-04-10 02:40:27,446 [WARNING] Trading halted. Waiting 60s...
2026-04-10 02:42:32,527 [INFO] Balance=96.43 | Equity=96.43 | Growth=-3.6% | Trades=14 | WR=50% | PF=1.14 | DD=25.1% | Open=none
2026-04-10 02:42:32,527 [WARNING] Trading halted. Waiting 60s...
2026-04-10 02:44:41,701 [INFO] Balance=96.43 | Equity=96.43 | Growth=-3.6% | Trades=14 | WR=50% | PF=1.14 | DD=25.1% | Open=none
2026-04-10 02:44:41,702 [WARNING] Trading halted. Waiting 60s...
2026-04-10 02:47:10,465 [INFO] Balance=96.43 | Equity=96.43 | Growth=-3.6% | Trades=14 | WR=50% | PF=1.14 | DD=25.1% | Open=none
2026-04-10 02:47:10,465 [WARNING] Trading halted. Waiting 60s...
2026-04-10 02:49:16,062 [INFO] Balance=96.43 | Equity=96.43 | Growth=-3.6% | Trades=14 | WR=50% | PF=1.14 | DD=25.1% | Open=none
2026-04-10 02:49:16,063 [WARNING] Trading halted. Waiting 60s...
2026-04-10 02:51:20,672 [INFO] Balance=96.43 | Equity=96.43 | Growth=-3.6% | Trades=14 | WR=50% | PF=1.14 | DD=25.1% | Open=none
2026-04-10 02:51:20,672 [WARNING] Trading halted. Waiting 60s...
2026-04-10 02:53:26,899 [INFO] Balance=96.43 | Equity=96.43 | Growth=-3.6% | Trades=14 | WR=50% | PF=1.14 | DD=25.1% | Open=none
2026-04-10 02:53:26,900 [WARNING] Trading halted. Waiting 60s...
2026-04-10 02:55:10,565 [ERROR] Too many visits. Exceeded the API Rate Limit. (ErrCode: 10006). Hit the API rate limit on https://api.bybit.com/v5/market/kline?category=linear&interval=15&limit=60&symbol=ADAUSDT. Sleeping then trying again.
2026-04-10 02:55:10,565 [WARNING] kline fetch error [ADAUSDT 15] attempt 1: 'x-bapi-limit-reset-timestamp'
2026-04-10 02:55:38,908 [INFO] Balance=96.43 | Equity=96.43 | Growth=-3.6% | Trades=14 | WR=50% | PF=1.14 | DD=25.1% | Open=none
2026-04-10 02:55:38,909 [WARNING] Trading halted. Waiting 60s...
2026-04-10 02:58:00,386 [INFO] Balance=96.43 | Equity=96.43 | Growth=-3.6% | Trades=14 | WR=50% | PF=1.14 | DD=25.1% | Open=none
2026-04-10 02:58:00,398 [WARNING] Trading halted. Waiting 60s...
2026-04-10 03:00:07,297 [ERROR] Too many visits. Exceeded the API Rate Limit. (ErrCode: 10006). Hit the API rate limit on https://api.bybit.com/v5/market/kline?category=linear&interval=15&limit=60&symbol=OPUSDT. Sleeping then trying again.
2026-04-10 03:00:07,297 [WARNING] kline fetch error [OPUSDT 15] attempt 1: 'x-bapi-limit-reset-timestamp'
2026-04-10 03:00:11,320 [ERROR] Too many visits. Exceeded the API Rate Limit. (ErrCode: 10006). Hit the API rate limit on https://api.bybit.com/v5/market/kline?category=linear&interval=5&limit=110&symbol=FETUSDT. Sleeping then trying again.
2026-04-10 03:00:11,321 [WARNING] kline fetch error [FETUSDT 5] attempt 1: 'x-bapi-limit-reset-timestamp'
2026-04-10 03:00:14,053 [INFO] Balance=96.43 | Equity=96.43 | Growth=-3.6% | Trades=14 | WR=50% | PF=1.14 | DD=25.1% | Open=none
2026-04-10 03:00:14,053 [WARNING] Trading halted. Waiting 60s...
2026-04-10 03:01:22,915 [WARNING] Max drawdown 25.1% hit. Trading halted.
2026-04-10 03:02:21,998 [INFO] Balance=96.43 | Equity=96.43 | Growth=-3.6% | Trades=14 | WR=50% | PF=1.14 | DD=25.1% | Open=none
2026-04-10 03:02:21,998 [WARNING] Trading halted. Waiting 60s...
2026-04-10 03:04:32,033 [INFO] Balance=96.43 | Equity=96.43 | Growth=-3.6% | Trades=14 | WR=50% | PF=1.14 | DD=25.1% | Open=none
2026-04-10 03:04:32,034 [WARNING] Trading halted. Waiting 60s...
2026-04-10 03:06:36,043 [INFO] Balance=96.43 | Equity=96.43 | Growth=-3.6% | Trades=14 | WR=50% | PF=1.14 | DD=25.1% | Open=none
2026-04-10 03:06:36,043 [WARNING] Trading halted. Waiting 60s...
2026-04-10 03:08:42,486 [INFO] Balance=96.43 | Equity=96.43 | Growth=-3.6% | Trades=14 | WR=50% | PF=1.14 | DD=25.1% | Open=none
2026-04-10 03:08:42,487 [WARNING] Trading halted. Waiting 60s...
2026-04-10 03:11:06,120 [INFO] Balance=96.43 | Equity=96.43 | Growth=-3.6% | Trades=14 | WR=50% | PF=1.14 | DD=25.1% | Open=none
2026-04-10 03:11:06,121 [WARNING] Trading halted. Waiting 60s...
2026-04-10 03:13:11,930 [INFO] Balance=96.43 | Equity=96.43 | Growth=-3.6% | Trades=14 | WR=50% | PF=1.14 | DD=25.1% | Open=none
2026-04-10 03:13:11,930 [WARNING] Trading halted. Waiting 60s...
2026-04-10 03:15:09,445 [ERROR] Too many visits. Exceeded the API Rate Limit. (ErrCode: 10006). Hit the API rate limit on https://api.bybit.com/v5/market/kline?category=linear&interval=5&limit=110&symbol=SUIUSDT. Sleeping then trying again.
2026-04-10 03:15:09,445 [WARNING] kline fetch error [SUIUSDT 5] attempt 1: 'x-bapi-limit-reset-timestamp'
2026-04-10 03:15:12,178 [ERROR] Too many visits. Exceeded the API Rate Limit. (ErrCode: 10006). Hit the API rate limit on https://api.bybit.com/v5/market/kline?category=linear&interval=60&limit=60&symbol=SUIUSDT. Sleeping then trying again.
2026-04-10 03:15:12,178 [WARNING] kline fetch error [SUIUSDT 60] attempt 1: 'x-bapi-limit-reset-timestamp'
2026-04-10 03:15:15,790 [ERROR] Too many visits. Exceeded the API Rate Limit. (ErrCode: 10006). Hit the API rate limit on https://api.bybit.com/v5/market/kline?category=linear&interval=15&limit=60&symbol=OPUSDT. Sleeping then trying again.
2026-04-10 03:15:15,790 [WARNING] kline fetch error [OPUSDT 15] attempt 1: 'x-bapi-limit-reset-timestamp'
2026-04-10 03:15:20,735 [INFO] Balance=96.43 | Equity=96.43 | Growth=-3.6% | Trades=14 | WR=50% | PF=1.14 | DD=25.1% | Open=none
2026-04-10 03:15:20,735 [WARNING] Trading halted. Waiting 60s...
2026-04-10 03:17:26,419 [INFO] Balance=96.43 | Equity=96.43 | Growth=-3.6% | Trades=14 | WR=50% | PF=1.14 | DD=25.1% | Open=none
2026-04-10 03:17:26,419 [WARNING] Trading halted. Waiting 60s...
2026-04-10 03:19:30,320 [INFO] Balance=96.43 | Equity=96.43 | Growth=-3.6% | Trades=14 | WR=50% | PF=1.14 | DD=25.1% | Open=none
2026-04-10 03:19:30,321 [WARNING] Trading halted. Waiting 60s...
2026-04-10 03:21:36,459 [INFO] Balance=96.43 | Equity=96.43 | Growth=-3.6% | Trades=14 | WR=50% | PF=1.14 | DD=25.1% | Open=none
2026-04-10 03:21:36,459 [WARNING] Trading halted. Waiting 60s...
2026-04-10 03:23:55,030 [INFO] Balance=96.43 | Equity=96.43 | Growth=-3.6% | Trades=14 | WR=50% | PF=1.14 | DD=25.1% | Open=none
2026-04-10 03:23:55,031 [WARNING] Trading halted. Waiting 60s...
2026-04-10 03:26:09,773 [INFO] Balance=96.43 | Equity=96.43 | Growth=-3.6% | Trades=14 | WR=50% | PF=1.14 | DD=25.1% | Open=none
2026-04-10 03:26:09,773 [WARNING] Trading halted. Waiting 60s...
2026-04-10 03:28:14,056 [INFO] Balance=96.43 | Equity=96.43 | Growth=-3.6% | Trades=14 | WR=50% | PF=1.14 | DD=25.1% | Open=none
2026-04-10 03:28:14,056 [WARNING] Trading halted. Waiting 60s...
2026-04-10 03:30:19,589 [INFO] Balance=96.43 | Equity=96.43 | Growth=-3.6% | Trades=14 | WR=50% | PF=1.14 | DD=25.1% | Open=none
2026-04-10 03:30:19,589 [WARNING] Trading halted. Waiting 60s...
2026-04-10 03:32:28,775 [INFO] Balance=96.43 | Equity=96.43 | Growth=-3.6% | Trades=14 | WR=50% | PF=1.14 | DD=25.1% | Open=none
2026-04-10 03:32:28,775 [WARNING] Trading halted. Waiting 60s...
2026-04-10 03:34:35,573 [INFO] Balance=96.43 | Equity=96.43 | Growth=-3.6% | Trades=14 | WR=50% | PF=1.14 | DD=25.1% | Open=none
2026-04-10 03:34:35,573 [WARNING] Trading halted. Waiting 60s...
2026-04-10 03:36:56,851 [INFO] Balance=96.43 | Equity=96.43 | Growth=-3.6% | Trades=14 | WR=50% | PF=1.14 | DD=25.1% | Open=none
2026-04-10 03:36:56,851 [WARNING] Trading halted. Waiting 60s...
2026-04-10 03:39:10,278 [INFO] Balance=96.43 | Equity=96.43 | Growth=-3.6% | Trades=14 | WR=50% | PF=1.14 | DD=25.1% | Open=none
2026-04-10 03:39:10,278 [WARNING] Trading halted. Waiting 60s...
2026-04-10 03:41:14,757 [INFO] Balance=96.43 | Equity=96.43 | Growth=-3.6% | Trades=14 | WR=50% | PF=1.14 | DD=25.1% | Open=none
2026-04-10 03:41:14,758 [WARNING] Trading halted. Waiting 60s...
2026-04-10 03:43:20,728 [INFO] Balance=96.43 | Equity=96.43 | Growth=-3.6% | Trades=14 | WR=50% | PF=1.14 | DD=25.1% | Open=none
2026-04-10 03:43:20,729 [WARNING] Trading halted. Waiting 60s...
2026-04-10 03:45:27,360 [INFO] Balance=96.43 | Equity=96.43 | Growth=-3.6% | Trades=14 | WR=50% | PF=1.14 | DD=25.1% | Open=none
2026-04-10 03:45:27,360 [WARNING] Trading halted. Waiting 60s...
2026-04-10 03:47:40,716 [INFO] Balance=96.43 | Equity=96.43 | Growth=-3.6% | Trades=14 | WR=50% | PF=1.14 | DD=25.1% | Open=none
2026-04-10 03:47:40,716 [WARNING] Trading halted. Waiting 60s...
2026-04-10 03:50:15,924 [INFO] Balance=96.43 | Equity=96.43 | Growth=-3.6% | Trades=14 | WR=50% | PF=1.14 | DD=25.1% | Open=none
2026-04-10 03:50:15,925 [WARNING] Trading halted. Waiting 60s...
2026-04-10 03:52:24,764 [INFO] Balance=96.43 | Equity=96.43 | Growth=-3.6% | Trades=14 | WR=50% | PF=1.14 | DD=25.1% | Open=none
2026-04-10 03:52:24,764 [WARNING] Trading halted. Waiting 60s...
2026-04-10 03:54:35,731 [INFO] Balance=96.43 | Equity=96.43 | Growth=-3.6% | Trades=14 | WR=50% | PF=1.14 | DD=25.1% | Open=none
2026-04-10 03:54:35,731 [WARNING] Trading halted. Waiting 60s...
2026-04-10 03:57:06,257 [INFO] Balance=96.43 | Equity=96.43 | Growth=-3.6% | Trades=14 | WR=50% | PF=1.14 | DD=25.1% | Open=none
2026-04-10 03:57:06,257 [WARNING] Trading halted. Waiting 60s...
2026-04-10 03:59:13,441 [INFO] Balance=96.43 | Equity=96.43 | Growth=-3.6% | Trades=14 | WR=50% | PF=1.14 | DD=25.1% | Open=none
2026-04-10 03:59:13,441 [WARNING] Trading halted. Waiting 60s...
2026-04-10 04:00:14,906 [ERROR] Too many visits. Exceeded the API Rate Limit. (ErrCode: 10006). Hit the API rate limit on https://api.bybit.com/v5/market/kline?category=linear&interval=15&limit=60&symbol=BTCUSDT. Sleeping then trying again.
2026-04-10 04:00:14,906 [WARNING] kline fetch error [BTCUSDT 15] attempt 1: 'x-bapi-limit-reset-timestamp'
2026-04-10 04:01:23,467 [INFO] Balance=96.43 | Equity=96.43 | Growth=-3.6% | Trades=14 | WR=50% | PF=1.14 | DD=25.1% | Open=none
2026-04-10 04:01:23,467 [WARNING] Trading halted. Waiting 60s...
2026-04-10 04:03:30,532 [INFO] Balance=96.43 | Equity=96.43 | Growth=-3.6% | Trades=14 | WR=50% | PF=1.14 | DD=25.1% | Open=none
2026-04-10 04:03:30,533 [WARNING] Trading halted. Waiting 60s...
2026-04-10 04:05:35,467 [INFO] Balance=96.43 | Equity=96.43 | Growth=-3.6% | Trades=14 | WR=50% | PF=1.14 | DD=25.1% | Open=none
2026-04-10 04:05:35,467 [WARNING] Trading halted. Waiting 60s...
2026-04-10 04:08:07,842 [INFO] Balance=96.43 | Equity=96.43 | Growth=-3.6% | Trades=14 | WR=50% | PF=1.14 | DD=25.1% | Open=none
2026-04-10 04:08:07,842 [WARNING] Trading halted. Waiting 60s...
2026-04-10 04:10:17,922 [INFO] Balance=96.43 | Equity=96.43 | Growth=-3.6% | Trades=14 | WR=50% | PF=1.14 | DD=25.1% | Open=none
2026-04-10 04:10:17,922 [WARNING] Trading halted. Waiting 60s...
2026-04-10 04:12:22,953 [INFO] Balance=96.43 | Equity=96.43 | Growth=-3.6% | Trades=14 | WR=50% | PF=1.14 | DD=25.1% | Open=none
2026-04-10 04:12:22,953 [WARNING] Trading halted. Waiting 60s...
2026-04-10 04:14:29,873 [INFO] Balance=96.43 | Equity=96.43 | Growth=-3.6% | Trades=14 | WR=50% | PF=1.14 | DD=25.1% | Open=none
2026-04-10 04:14:29,874 [WARNING] Trading halted. Waiting 60s...
2026-04-10 04:16:32,570 [INFO] Balance=96.43 | Equity=96.43 | Growth=-3.6% | Trades=14 | WR=50% | PF=1.14 | DD=25.1% | Open=none
2026-04-10 04:16:32,570 [WARNING] Trading halted. Waiting 60s...
2026-04-10 04:18:41,164 [INFO] Balance=96.43 | Equity=96.43 | Growth=-3.6% | Trades=14 | WR=50% | PF=1.14 | DD=25.1% | Open=none
2026-04-10 04:18:41,165 [WARNING] Trading halted. Waiting 60s...
2026-04-10 04:21:06,557 [INFO] Balance=96.43 | Equity=96.43 | Growth=-3.6% | Trades=14 | WR=50% | PF=1.14 | DD=25.1% | Open=none
2026-04-10 04:21:06,558 [WARNING] Trading halted. Waiting 60s...
2026-04-10 04:23:14,107 [INFO] Balance=96.43 | Equity=96.43 | Growth=-3.6% | Trades=14 | WR=50% | PF=1.14 | DD=25.1% | Open=none
2026-04-10 04:23:14,107 [WARNING] Trading halted. Waiting 60s...
2026-04-10 04:25:18,977 [INFO] Balance=96.43 | Equity=96.43 | Growth=-3.6% | Trades=14 | WR=50% | PF=1.14 | DD=25.1% | Open=none
2026-04-10 04:25:18,977 [WARNING] Trading halted. Waiting 60s...
2026-04-10 04:27:23,095 [INFO] Balance=96.43 | Equity=96.43 | Growth=-3.6% | Trades=14 | WR=50% | PF=1.14 | DD=25.1% | Open=none
2026-04-10 04:27:23,095 [WARNING] Trading halted. Waiting 60s...
2026-04-10 04:29:26,357 [INFO] Balance=96.43 | Equity=96.43 | Growth=-3.6% | Trades=14 | WR=50% | PF=1.14 | DD=25.1% | Open=none
2026-04-10 04:29:26,357 [WARNING] Trading halted. Waiting 60s...
2026-04-10 04:31:34,878 [INFO] Balance=96.43 | Equity=96.43 | Growth=-3.6% | Trades=14 | WR=50% | PF=1.14 | DD=25.1% | Open=none
2026-04-10 04:31:34,879 [WARNING] Trading halted. Waiting 60s...
2026-04-10 04:33:42,054 [INFO] Balance=96.43 | Equity=96.43 | Growth=-3.6% | Trades=14 | WR=50% | PF=1.14 | DD=25.1% | Open=none
2026-04-10 04:33:42,055 [WARNING] Trading halted. Waiting 60s...
2026-04-10 04:36:07,904 [INFO] Balance=96.43 | Equity=96.43 | Growth=-3.6% | Trades=14 | WR=50% | PF=1.14 | DD=25.1% | Open=none
2026-04-10 04:36:07,904 [WARNING] Trading halted. Waiting 60s...
2026-04-10 04:38:15,441 [INFO] Balance=96.43 | Equity=96.43 | Growth=-3.6% | Trades=14 | WR=50% | PF=1.14 | DD=25.1% | Open=none
2026-04-10 04:38:15,442 [WARNING] Trading halted. Waiting 60s...
2026-04-10 04:40:27,057 [INFO] Balance=96.43 | Equity=96.43 | Growth=-3.6% | Trades=14 | WR=50% | PF=1.14 | DD=25.1% | Open=none
2026-04-10 04:40:27,058 [WARNING] Trading halted. Waiting 60s...
2026-04-10 04:42:56,273 [INFO] Balance=96.43 | Equity=96.43 | Growth=-3.6% | Trades=14 | WR=50% | PF=1.14 | DD=25.1% | Open=none
2026-04-10 04:42:56,273 [WARNING] Trading halted. Waiting 60s...
2026-04-10 04:45:37,840 [INFO] Balance=96.43 | Equity=96.43 | Growth=-3.6% | Trades=14 | WR=50% | PF=1.14 | DD=25.1% | Open=none
2026-04-10 04:45:37,841 [WARNING] Trading halted. Waiting 60s...
2026-04-10 04:48:08,258 [INFO] Balance=96.43 | Equity=96.43 | Growth=-3.6% | Trades=14 | WR=50% | PF=1.14 | DD=25.1% | Open=none
2026-04-10 04:48:08,259 [WARNING] Trading halted. Waiting 60s...
2026-04-10 04:50:14,948 [INFO] Balance=96.43 | Equity=96.43 | Growth=-3.6% | Trades=14 | WR=50% | PF=1.14 | DD=25.1% | Open=none
2026-04-10 04:50:14,948 [WARNING] Trading halted. Waiting 60s...
2026-04-10 04:52:23,573 [INFO] Balance=96.43 | Equity=96.43 | Growth=-3.6% | Trades=14 | WR=50% | PF=1.14 | DD=25.1% | Open=none
2026-04-10 04:52:23,574 [WARNING] Trading halted. Waiting 60s...
2026-04-10 04:54:30,747 [INFO] Balance=96.43 | Equity=96.43 | Growth=-3.6% | Trades=14 | WR=50% | PF=1.14 | DD=25.1% | Open=none
2026-04-10 04:54:30,748 [WARNING] Trading halted. Waiting 60s...
2026-04-10 04:56:41,104 [INFO] Balance=96.43 | Equity=96.43 | Growth=-3.6% | Trades=14 | WR=50% | PF=1.14 | DD=25.1% | Open=none
2026-04-10 04:56:41,104 [WARNING] Trading halted. Waiting 60s...
2026-04-10 04:59:11,110 [INFO] Balance=96.43 | Equity=96.43 | Growth=-3.6% | Trades=14 | WR=50% | PF=1.14 | DD=25.1% | Open=none
2026-04-10 04:59:11,110 [WARNING] Trading halted. Waiting 60s...
2026-04-10 05:00:11,857 [ERROR] Too many visits. Exceeded the API Rate Limit. (ErrCode: 10006). Hit the API rate limit on https://api.bybit.com/v5/market/kline?category=linear&interval=5&limit=110&symbol=BTCUSDT. Sleeping then trying again.
2026-04-10 05:00:11,857 [WARNING] kline fetch error [BTCUSDT 5] attempt 1: 'x-bapi-limit-reset-timestamp'
2026-04-10 05:01:19,280 [INFO] Balance=96.43 | Equity=96.43 | Growth=-3.6% | Trades=14 | WR=50% | PF=1.14 | DD=25.1% | Open=none
2026-04-10 05:01:19,281 [WARNING] Trading halted. Waiting 60s...
2026-04-10 05:03:26,108 [INFO] Balance=96.43 | Equity=96.43 | Growth=-3.6% | Trades=14 | WR=50% | PF=1.14 | DD=25.1% | Open=none
2026-04-10 05:03:26,109 [WARNING] Trading halted. Waiting 60s...
2026-04-10 05:05:33,723 [INFO] Balance=96.43 | Equity=96.43 | Growth=-3.6% | Trades=14 | WR=50% | PF=1.14 | DD=25.1% | Open=none
2026-04-10 05:05:33,724 [WARNING] Trading halted. Waiting 60s...
2026-04-10 05:07:48,580 [INFO] Balance=96.43 | Equity=96.43 | Growth=-3.6% | Trades=14 | WR=50% | PF=1.14 | DD=25.1% | Open=none
2026-04-10 05:07:48,587 [WARNING] Trading halted. Waiting 60s...
2026-04-10 05:10:11,148 [INFO] Balance=96.43 | Equity=96.43 | Growth=-3.6% | Trades=14 | WR=50% | PF=1.14 | DD=25.1% | Open=none
2026-04-10 05:10:11,148 [WARNING] Trading halted. Waiting 60s...
2026-04-10 05:12:17,701 [INFO] Balance=96.43 | Equity=96.43 | Growth=-3.6% | Trades=14 | WR=50% | PF=1.14 | DD=25.1% | Open=none
2026-04-10 05:12:17,701 [WARNING] Trading halted. Waiting 60s...
2026-04-10 05:14:24,377 [INFO] Balance=96.43 | Equity=96.43 | Growth=-3.6% | Trades=14 | WR=50% | PF=1.14 | DD=25.1% | Open=none
2026-04-10 05:14:24,377 [WARNING] Trading halted. Waiting 60s...
2026-04-10 05:16:31,895 [INFO] Balance=96.43 | Equity=96.43 | Growth=-3.6% | Trades=14 | WR=50% | PF=1.14 | DD=25.1% | Open=none
2026-04-10 05:16:31,895 [WARNING] Trading halted. Waiting 60s...
2026-04-10 05:18:39,124 [INFO] Balance=96.43 | Equity=96.43 | Growth=-3.6% | Trades=14 | WR=50% | PF=1.14 | DD=25.1% | Open=none
2026-04-10 05:18:39,124 [WARNING] Trading halted. Waiting 60s...
2026-04-10 05:21:08,353 [INFO] Balance=96.43 | Equity=96.43 | Growth=-3.6% | Trades=14 | WR=50% | PF=1.14 | DD=25.1% | Open=none
2026-04-10 05:21:08,354 [WARNING] Trading halted. Waiting 60s...
2026-04-10 05:23:17,156 [INFO] Balance=96.43 | Equity=96.43 | Growth=-3.6% | Trades=14 | WR=50% | PF=1.14 | DD=25.1% | Open=none
2026-04-10 05:23:17,156 [WARNING] Trading halted. Waiting 60s...
2026-04-10 05:25:24,936 [INFO] Balance=96.43 | Equity=96.43 | Growth=-3.6% | Trades=14 | WR=50% | PF=1.14 | DD=25.1% | Open=none
2026-04-10 05:25:24,936 [WARNING] Trading halted. Waiting 60s...
2026-04-10 05:27:37,186 [INFO] Balance=96.43 | Equity=96.43 | Growth=-3.6% | Trades=14 | WR=50% | PF=1.14 | DD=25.1% | Open=none
2026-04-10 05:27:37,186 [WARNING] Trading halted. Waiting 60s...
2026-04-10 05:30:08,982 [INFO] Balance=96.43 | Equity=96.43 | Growth=-3.6% | Trades=14 | WR=50% | PF=1.14 | DD=25.1% | Open=none
2026-04-10 05:30:08,983 [WARNING] Trading halted. Waiting 60s...
2026-04-10 05:32:13,160 [INFO] Balance=96.43 | Equity=96.43 | Growth=-3.6% | Trades=14 | WR=50% | PF=1.14 | DD=25.1% | Open=none
2026-04-10 05:32:13,161 [WARNING] Trading halted. Waiting 60s...
2026-04-10 05:34:24,184 [INFO] Balance=96.43 | Equity=96.43 | Growth=-3.6% | Trades=14 | WR=50% | PF=1.14 | DD=25.1% | Open=none
2026-04-10 05:34:24,184 [WARNING] Trading halted. Waiting 60s...
2026-04-10 05:36:29,332 [INFO] Balance=96.43 | Equity=96.43 | Growth=-3.6% | Trades=14 | WR=50% | PF=1.14 | DD=25.1% | Open=none
2026-04-10 05:36:29,333 [WARNING] Trading halted. Waiting 60s...
2026-04-10 05:38:35,928 [INFO] Balance=96.43 | Equity=96.43 | Growth=-3.6% | Trades=14 | WR=50% | PF=1.14 | DD=25.1% | Open=none
2026-04-10 05:38:35,928 [WARNING] Trading halted. Waiting 60s...
2026-04-10 05:41:08,776 [INFO] Balance=96.43 | Equity=96.43 | Growth=-3.6% | Trades=14 | WR=50% | PF=1.14 | DD=25.1% | Open=none
2026-04-10 05:41:08,776 [WARNING] Trading halted. Waiting 60s...
2026-04-10 05:43:13,563 [INFO] Balance=96.43 | Equity=96.43 | Growth=-3.6% | Trades=14 | WR=50% | PF=1.14 | DD=25.1% | Open=none
2026-04-10 05:43:13,564 [WARNING] Trading halted. Waiting 60s...
2026-04-10 05:44:43,864 [WARNING] kline fetch error [ADAUSDT 15] attempt 1: HTTPSConnectionPool(host='api.bybit.com', port=443): Max retries exceeded with url: /v5/market/kline?category=linear&interval=15&limit=60&symbol=ADAUSDT (Caused by NameResolutionError("HTTPSConnection(host='api.bybit.com', port=443): Failed to resolve 'api.bybit.com' ([Errno 11001] getaddrinfo failed)"))
2026-04-10 05:44:55,962 [WARNING] kline fetch error [ADAUSDT 15] attempt 2: HTTPSConnectionPool(host='api.bybit.com', port=443): Max retries exceeded with url: /v5/market/kline?category=linear&interval=15&limit=60&symbol=ADAUSDT (Caused by NameResolutionError("HTTPSConnection(host='api.bybit.com', port=443): Failed to resolve 'api.bybit.com' ([Errno 11001] getaddrinfo failed)"))
2026-04-10 05:46:10,319 [INFO] Balance=96.43 | Equity=96.43 | Growth=-3.6% | Trades=14 | WR=50% | PF=1.14 | DD=25.1% | Open=none
2026-04-10 05:46:10,320 [WARNING] Trading halted. Waiting 60s...
2026-04-10 05:48:18,570 [INFO] Balance=96.43 | Equity=96.43 | Growth=-3.6% | Trades=14 | WR=50% | PF=1.14 | DD=25.1% | Open=none
2026-04-10 05:48:18,570 [WARNING] Trading halted. Waiting 60s...
2026-04-10 05:50:25,377 [INFO] Balance=96.43 | Equity=96.43 | Growth=-3.6% | Trades=14 | WR=50% | PF=1.14 | DD=25.1% | Open=none
2026-04-10 05:50:25,377 [WARNING] Trading halted. Waiting 60s...
2026-04-10 05:52:34,127 [INFO] Balance=96.43 | Equity=96.43 | Growth=-3.6% | Trades=14 | WR=50% | PF=1.14 | DD=25.1% | Open=none
2026-04-10 05:52:34,127 [WARNING] Trading halted. Waiting 60s...
2026-04-10 05:54:42,045 [INFO] Balance=96.43 | Equity=96.43 | Growth=-3.6% | Trades=14 | WR=50% | PF=1.14 | DD=25.1% | Open=none
2026-04-10 05:54:42,046 [WARNING] Trading halted. Waiting 60s...
2026-04-10 05:57:15,837 [INFO] Balance=96.43 | Equity=96.43 | Growth=-3.6% | Trades=14 | WR=50% | PF=1.14 | DD=25.1% | Open=none
2026-04-10 05:57:15,837 [WARNING] Trading halted. Waiting 60s...
2026-04-10 05:59:27,045 [INFO] Balance=96.43 | Equity=96.43 | Growth=-3.6% | Trades=14 | WR=50% | PF=1.14 | DD=25.1% | Open=none
2026-04-10 05:59:27,045 [WARNING] Trading halted. Waiting 60s...
2026-04-10 06:01:38,901 [INFO] Balance=96.43 | Equity=96.43 | Growth=-3.6% | Trades=14 | WR=50% | PF=1.14 | DD=25.1% | Open=none
2026-04-10 06:01:38,901 [WARNING] Trading halted. Waiting 60s...
2026-04-10 06:04:10,665 [INFO] Balance=96.43 | Equity=96.43 | Growth=-3.6% | Trades=14 | WR=50% | PF=1.14 | DD=25.1% | Open=none
2026-04-10 06:04:10,666 [WARNING] Trading halted. Waiting 60s...
2026-04-10 06:06:13,329 [INFO] Balance=96.43 | Equity=96.43 | Growth=-3.6% | Trades=14 | WR=50% | PF=1.14 | DD=25.1% | Open=none
2026-04-10 06:06:13,329 [WARNING] Trading halted. Waiting 60s...
2026-04-10 06:08:20,836 [INFO] Balance=96.43 | Equity=96.43 | Growth=-3.6% | Trades=14 | WR=50% | PF=1.14 | DD=25.1% | Open=none
2026-04-10 06:08:20,836 [WARNING] Trading halted. Waiting 60s...
2026-04-10 06:10:26,883 [INFO] Balance=96.43 | Equity=96.43 | Growth=-3.6% | Trades=14 | WR=50% | PF=1.14 | DD=25.1% | Open=none
2026-04-10 06:10:26,884 [WARNING] Trading halted. Waiting 60s...
2026-04-10 06:12:34,686 [INFO] Balance=96.43 | Equity=96.43 | Growth=-3.6% | Trades=14 | WR=50% | PF=1.14 | DD=25.1% | Open=none
2026-04-10 06:12:34,687 [WARNING] Trading halted. Waiting 60s...
2026-04-10 06:14:40,366 [INFO] Balance=96.43 | Equity=96.43 | Growth=-3.6% | Trades=14 | WR=50% | PF=1.14 | DD=25.1% | Open=none
2026-04-10 06:14:40,367 [WARNING] Trading halted. Waiting 60s...
2026-04-10 06:17:09,457 [INFO] Balance=96.43 | Equity=96.43 | Growth=-3.6% | Trades=14 | WR=50% | PF=1.14 | DD=25.1% | Open=none
2026-04-10 06:17:09,457 [WARNING] Trading halted. Waiting 60s...
2026-04-10 06:19:13,059 [INFO] Balance=96.43 | Equity=96.43 | Growth=-3.6% | Trades=14 | WR=50% | PF=1.14 | DD=25.1% | Open=none
2026-04-10 06:19:13,059 [WARNING] Trading halted. Waiting 60s...
2026-04-10 06:21:16,993 [INFO] Balance=96.43 | Equity=96.43 | Growth=-3.6% | Trades=14 | WR=50% | PF=1.14 | DD=25.1% | Open=none
2026-04-10 06:21:16,993 [WARNING] Trading halted. Waiting 60s...
2026-04-10 06:23:22,892 [INFO] Balance=96.43 | Equity=96.43 | Growth=-3.6% | Trades=14 | WR=50% | PF=1.14 | DD=25.1% | Open=none
2026-04-10 06:23:22,892 [WARNING] Trading halted. Waiting 60s...
2026-04-10 06:25:28,231 [INFO] Balance=96.43 | Equity=96.43 | Growth=-3.6% | Trades=14 | WR=50% | PF=1.14 | DD=25.1% | Open=none
2026-04-10 06:25:28,232 [WARNING] Trading halted. Waiting 60s...
2026-04-10 06:27:32,995 [INFO] Balance=96.43 | Equity=96.43 | Growth=-3.6% | Trades=14 | WR=50% | PF=1.14 | DD=25.1% | Open=none
2026-04-10 06:27:32,995 [WARNING] Trading halted. Waiting 60s...
2026-04-10 06:29:41,967 [INFO] Balance=96.43 | Equity=96.43 | Growth=-3.6% | Trades=14 | WR=50% | PF=1.14 | DD=25.1% | Open=none
2026-04-10 06:29:41,968 [WARNING] Trading halted. Waiting 60s...
2026-04-10 06:32:09,284 [INFO] Balance=96.43 | Equity=96.43 | Growth=-3.6% | Trades=14 | WR=50% | PF=1.14 | DD=25.1% | Open=none
2026-04-10 06:32:09,284 [WARNING] Trading halted. Waiting 60s...
2026-04-10 06:34:15,978 [INFO] Balance=96.43 | Equity=96.43 | Growth=-3.6% | Trades=14 | WR=50% | PF=1.14 | DD=25.1% | Open=none
2026-04-10 06:34:15,978 [WARNING] Trading halted. Waiting 60s...
2026-04-10 06:36:25,212 [INFO] Balance=96.43 | Equity=96.43 | Growth=-3.6% | Trades=14 | WR=50% | PF=1.14 | DD=25.1% | Open=none
2026-04-10 06:36:25,213 [WARNING] Trading halted. Waiting 60s...
2026-04-10 06:38:30,894 [INFO] Balance=96.43 | Equity=96.43 | Growth=-3.6% | Trades=14 | WR=50% | PF=1.14 | DD=25.1% | Open=none
2026-04-10 06:38:30,894 [WARNING] Trading halted. Waiting 60s...
2026-04-10 06:40:38,329 [INFO] Balance=96.43 | Equity=96.43 | Growth=-3.6% | Trades=14 | WR=50% | PF=1.14 | DD=25.1% | Open=none
2026-04-10 06:40:38,330 [WARNING] Trading halted. Waiting 60s...
2026-04-10 06:42:52,390 [INFO] Balance=96.43 | Equity=96.43 | Growth=-3.6% | Trades=14 | WR=50% | PF=1.14 | DD=25.1% | Open=none
2026-04-10 06:42:52,396 [WARNING] Trading halted. Waiting 60s...
2026-04-10 06:45:14,279 [INFO] Balance=96.43 | Equity=96.43 | Growth=-3.6% | Trades=14 | WR=50% | PF=1.14 | DD=25.1% | Open=none
2026-04-10 06:45:14,280 [WARNING] Trading halted. Waiting 60s...
2026-04-10 06:47:22,968 [INFO] Balance=96.43 | Equity=96.43 | Growth=-3.6% | Trades=14 | WR=50% | PF=1.14 | DD=25.1% | Open=none
2026-04-10 06:47:22,968 [WARNING] Trading halted. Waiting 60s...
2026-04-10 06:49:31,585 [INFO] Balance=96.43 | Equity=96.43 | Growth=-3.6% | Trades=14 | WR=50% | PF=1.14 | DD=25.1% | Open=none
2026-04-10 06:49:31,585 [WARNING] Trading halted. Waiting 60s...
2026-04-10 06:51:38,438 [INFO] Balance=96.43 | Equity=96.43 | Growth=-3.6% | Trades=14 | WR=50% | PF=1.14 | DD=25.1% | Open=none
2026-04-10 06:51:38,438 [WARNING] Trading halted. Waiting 60s...
2026-04-10 06:53:41,057 [INFO] Balance=96.43 | Equity=96.43 | Growth=-3.6% | Trades=14 | WR=50% | PF=1.14 | DD=25.1% | Open=none
2026-04-10 06:53:41,058 [WARNING] Trading halted. Waiting 60s...
2026-04-10 06:56:06,254 [INFO] Balance=96.43 | Equity=96.43 | Growth=-3.6% | Trades=14 | WR=50% | PF=1.14 | DD=25.1% | Open=none
2026-04-10 06:56:06,254 [WARNING] Trading halted. Waiting 60s...
2026-04-10 06:58:15,892 [INFO] Balance=96.43 | Equity=96.43 | Growth=-3.6% | Trades=14 | WR=50% | PF=1.14 | DD=25.1% | Open=none
2026-04-10 06:58:15,892 [WARNING] Trading halted. Waiting 60s...
2026-04-10 07:00:05,106 [ERROR] Too many visits. Exceeded the API Rate Limit. (ErrCode: 10006). Hit the API rate limit on https://api.bybit.com/v5/market/kline?category=linear&interval=15&limit=60&symbol=APTUSDT. Sleeping then trying again.
2026-04-10 07:00:05,106 [WARNING] kline fetch error [APTUSDT 15] attempt 1: 'x-bapi-limit-reset-timestamp'
2026-04-10 07:00:06,427 [ERROR] Too many visits. Exceeded the API Rate Limit. (ErrCode: 10006). Hit the API rate limit on https://api.bybit.com/v5/market/kline?category=linear&interval=15&limit=60&symbol=APTUSDT. Sleeping then trying again.
2026-04-10 07:00:06,427 [WARNING] kline fetch error [APTUSDT 15] attempt 2: 'x-bapi-limit-reset-timestamp'
2026-04-10 07:00:20,751 [INFO] Balance=96.43 | Equity=96.43 | Growth=-3.6% | Trades=14 | WR=50% | PF=1.14 | DD=25.1% | Open=none
2026-04-10 07:00:20,752 [WARNING] Trading halted. Waiting 60s...
2026-04-10 07:02:27,389 [INFO] Balance=96.43 | Equity=96.43 | Growth=-3.6% | Trades=14 | WR=50% | PF=1.14 | DD=25.1% | Open=none
2026-04-10 07:02:27,389 [WARNING] Trading halted. Waiting 60s...
2026-04-10 07:04:35,478 [INFO] Balance=96.43 | Equity=96.43 | Growth=-3.6% | Trades=14 | WR=50% | PF=1.14 | DD=25.1% | Open=none
2026-04-10 07:04:35,478 [WARNING] Trading halted. Waiting 60s...
2026-04-10 07:06:56,203 [INFO] Balance=96.43 | Equity=96.43 | Growth=-3.6% | Trades=14 | WR=50% | PF=1.14 | DD=25.1% | Open=none
2026-04-10 07:06:56,213 [WARNING] Trading halted. Waiting 60s...
2026-04-10 07:09:10,282 [INFO] Balance=96.43 | Equity=96.43 | Growth=-3.6% | Trades=14 | WR=50% | PF=1.14 | DD=25.1% | Open=none
2026-04-10 07:09:10,282 [WARNING] Trading halted. Waiting 60s...
2026-04-10 07:11:21,120 [INFO] Balance=96.43 | Equity=96.43 | Growth=-3.6% | Trades=14 | WR=50% | PF=1.14 | DD=25.1% | Open=none
2026-04-10 07:11:21,121 [WARNING] Trading halted. Waiting 60s...
2026-04-10 07:13:25,700 [INFO] Balance=96.43 | Equity=96.43 | Growth=-3.6% | Trades=14 | WR=50% | PF=1.14 | DD=25.1% | Open=none
2026-04-10 07:13:25,701 [WARNING] Trading halted. Waiting 60s...
2026-04-10 07:15:34,705 [INFO] Balance=96.43 | Equity=96.43 | Growth=-3.6% | Trades=14 | WR=50% | PF=1.14 | DD=25.1% | Open=none
2026-04-10 07:15:34,705 [WARNING] Trading halted. Waiting 60s...
2026-04-10 07:17:42,057 [INFO] Balance=96.43 | Equity=96.43 | Growth=-3.6% | Trades=14 | WR=50% | PF=1.14 | DD=25.1% | Open=none
2026-04-10 07:17:42,058 [WARNING] Trading halted. Waiting 60s...
2026-04-10 07:20:10,405 [INFO] Balance=96.43 | Equity=96.43 | Growth=-3.6% | Trades=14 | WR=50% | PF=1.14 | DD=25.1% | Open=none
2026-04-10 07:20:10,406 [WARNING] Trading halted. Waiting 60s...
2026-04-10 07:22:23,739 [INFO] Balance=96.43 | Equity=96.43 | Growth=-3.6% | Trades=14 | WR=50% | PF=1.14 | DD=25.1% | Open=none
2026-04-10 07:22:23,740 [WARNING] Trading halted. Waiting 60s...
2026-04-10 07:24:35,501 [INFO] Balance=96.43 | Equity=96.43 | Growth=-3.6% | Trades=14 | WR=50% | PF=1.14 | DD=25.1% | Open=none
2026-04-10 07:24:35,502 [WARNING] Trading halted. Waiting 60s...
2026-04-10 07:27:08,078 [INFO] Balance=96.43 | Equity=96.43 | Growth=-3.6% | Trades=14 | WR=50% | PF=1.14 | DD=25.1% | Open=none
2026-04-10 07:27:08,078 [WARNING] Trading halted. Waiting 60s...
2026-04-10 07:29:16,694 [INFO] Balance=96.43 | Equity=96.43 | Growth=-3.6% | Trades=14 | WR=50% | PF=1.14 | DD=25.1% | Open=none
2026-04-10 07:29:16,695 [WARNING] Trading halted. Waiting 60s...
2026-04-10 07:31:23,748 [INFO] Balance=96.43 | Equity=96.43 | Growth=-3.6% | Trades=14 | WR=50% | PF=1.14 | DD=25.1% | Open=none
2026-04-10 07:31:23,748 [WARNING] Trading halted. Waiting 60s...
2026-04-10 07:33:32,488 [INFO] Balance=96.43 | Equity=96.43 | Growth=-3.6% | Trades=14 | WR=50% | PF=1.14 | DD=25.1% | Open=none
2026-04-10 07:33:32,488 [WARNING] Trading halted. Waiting 60s...
2026-04-10 07:34:57,029 [WARNING] ticker error [BNBUSDT]: ('Connection aborted.', ConnectionResetError(10054, 'Удаленный хост принудительно разорвал существующее подключение', None, 10054, None))
2026-04-10 07:35:42,520 [INFO] Balance=96.43 | Equity=96.43 | Growth=-3.6% | Trades=14 | WR=50% | PF=1.14 | DD=25.1% | Open=none
2026-04-10 07:35:42,520 [WARNING] Trading halted. Waiting 60s...
2026-04-10 07:38:15,955 [INFO] Balance=96.43 | Equity=96.43 | Growth=-3.6% | Trades=14 | WR=50% | PF=1.14 | DD=25.1% | Open=none
2026-04-10 07:38:15,956 [WARNING] Trading halted. Waiting 60s...
2026-04-10 07:40:23,262 [INFO] Balance=96.43 | Equity=96.43 | Growth=-3.6% | Trades=14 | WR=50% | PF=1.14 | DD=25.1% | Open=none
2026-04-10 07:40:23,262 [WARNING] Trading halted. Waiting 60s...
2026-04-10 07:42:32,557 [INFO] Balance=96.43 | Equity=96.43 | Growth=-3.6% | Trades=14 | WR=50% | PF=1.14 | DD=25.1% | Open=none
2026-04-10 07:42:32,557 [WARNING] Trading halted. Waiting 60s...
2026-04-10 07:44:40,533 [INFO] Balance=96.43 | Equity=96.43 | Growth=-3.6% | Trades=14 | WR=50% | PF=1.14 | DD=25.1% | Open=none
2026-04-10 07:44:40,534 [WARNING] Trading halted. Waiting 60s...
2026-04-10 07:47:16,603 [INFO] Balance=96.43 | Equity=96.43 | Growth=-3.6% | Trades=14 | WR=50% | PF=1.14 | DD=25.1% | Open=none
2026-04-10 07:47:16,603 [WARNING] Trading halted. Waiting 60s...
2026-04-10 07:49:20,840 [INFO] Balance=96.43 | Equity=96.43 | Growth=-3.6% | Trades=14 | WR=50% | PF=1.14 | DD=25.1% | Open=none
2026-04-10 07:49:20,840 [WARNING] Trading halted. Waiting 60s...
2026-04-10 07:51:27,027 [INFO] Balance=96.43 | Equity=96.43 | Growth=-3.6% | Trades=14 | WR=50% | PF=1.14 | DD=25.1% | Open=none
2026-04-10 07:51:27,028 [WARNING] Trading halted. Waiting 60s...
2026-04-10 07:53:33,654 [INFO] Balance=96.43 | Equity=96.43 | Growth=-3.6% | Trades=14 | WR=50% | PF=1.14 | DD=25.1% | Open=none
2026-04-10 07:53:33,654 [WARNING] Trading halted. Waiting 60s...
2026-04-10 07:55:43,158 [INFO] Balance=96.43 | Equity=96.43 | Growth=-3.6% | Trades=14 | WR=50% | PF=1.14 | DD=25.1% | Open=none
2026-04-10 07:55:43,158 [WARNING] Trading halted. Waiting 60s...
2026-04-10 07:58:11,533 [INFO] Balance=96.43 | Equity=96.43 | Growth=-3.6% | Trades=14 | WR=50% | PF=1.14 | DD=25.1% | Open=none
2026-04-10 07:58:11,534 [WARNING] Trading halted. Waiting 60s...
2026-04-10 08:00:08,342 [ERROR] Too many visits. Exceeded the API Rate Limit. (ErrCode: 10006). Hit the API rate limit on https://api.bybit.com/v5/market/kline?category=linear&interval=15&limit=60&symbol=APTUSDT. Sleeping then trying again.
2026-04-10 08:00:08,342 [WARNING] kline fetch error [APTUSDT 15] attempt 1: 'x-bapi-limit-reset-timestamp'
2026-04-10 08:00:23,147 [INFO] Balance=96.43 | Equity=96.43 | Growth=-3.6% | Trades=14 | WR=50% | PF=1.14 | DD=25.1% | Open=none
2026-04-10 08:00:23,148 [WARNING] Trading halted. Waiting 60s...
2026-04-10 08:02:29,732 [INFO] Balance=96.43 | Equity=96.43 | Growth=-3.6% | Trades=14 | WR=50% | PF=1.14 | DD=25.1% | Open=none
2026-04-10 08:02:29,732 [WARNING] Trading halted. Waiting 60s...
2026-04-10 08:04:35,085 [INFO] Balance=96.43 | Equity=96.43 | Growth=-3.6% | Trades=14 | WR=50% | PF=1.14 | DD=25.1% | Open=none
2026-04-10 08:04:35,086 [WARNING] Trading halted. Waiting 60s...
2026-04-10 08:06:39,559 [INFO] Balance=96.43 | Equity=96.43 | Growth=-3.6% | Trades=14 | WR=50% | PF=1.14 | DD=25.1% | Open=none
2026-04-10 08:06:39,559 [WARNING] Trading halted. Waiting 60s...
2026-04-10 08:08:55,473 [INFO] Balance=96.43 | Equity=96.43 | Growth=-3.6% | Trades=14 | WR=50% | PF=1.14 | DD=25.1% | Open=none
2026-04-10 08:08:55,473 [WARNING] Trading halted. Waiting 60s...
2026-04-10 08:11:09,000 [INFO] Balance=96.43 | Equity=96.43 | Growth=-3.6% | Trades=14 | WR=50% | PF=1.14 | DD=25.1% | Open=none
2026-04-10 08:11:09,000 [WARNING] Trading halted. Waiting 60s...
2026-04-10 08:13:15,035 [INFO] Balance=96.43 | Equity=96.43 | Growth=-3.6% | Trades=14 | WR=50% | PF=1.14 | DD=25.1% | Open=none
2026-04-10 08:13:15,035 [WARNING] Trading halted. Waiting 60s...
2026-04-10 08:15:21,225 [INFO] Balance=96.43 | Equity=96.43 | Growth=-3.6% | Trades=14 | WR=50% | PF=1.14 | DD=25.1% | Open=none
2026-04-10 08:15:21,226 [WARNING] Trading halted. Waiting 60s...
2026-04-10 08:17:28,524 [INFO] Balance=96.43 | Equity=96.43 | Growth=-3.6% | Trades=14 | WR=50% | PF=1.14 | DD=25.1% | Open=none
2026-04-10 08:17:28,524 [WARNING] Trading halted. Waiting 60s...
2026-04-10 08:19:33,930 [INFO] Balance=96.43 | Equity=96.43 | Growth=-3.6% | Trades=14 | WR=50% | PF=1.14 | DD=25.1% | Open=none
2026-04-10 08:19:33,930 [WARNING] Trading halted. Waiting 60s...
2026-04-10 08:21:40,901 [INFO] Balance=96.43 | Equity=96.43 | Growth=-3.6% | Trades=14 | WR=50% | PF=1.14 | DD=25.1% | Open=none
2026-04-10 08:21:40,902 [WARNING] Trading halted. Waiting 60s...
2026-04-10 08:24:01,234 [INFO] Balance=96.43 | Equity=96.43 | Growth=-3.6% | Trades=14 | WR=50% | PF=1.14 | DD=25.1% | Open=none
2026-04-10 08:24:01,239 [WARNING] Trading halted. Waiting 60s...
2026-04-10 08:26:12,837 [INFO] Balance=96.43 | Equity=96.43 | Growth=-3.6% | Trades=14 | WR=50% | PF=1.14 | DD=25.1% | Open=none
2026-04-10 08:26:12,837 [WARNING] Trading halted. Waiting 60s...
2026-04-10 08:28:20,148 [INFO] Balance=96.43 | Equity=96.43 | Growth=-3.6% | Trades=14 | WR=50% | PF=1.14 | DD=25.1% | Open=none
2026-04-10 08:28:20,148 [WARNING] Trading halted. Waiting 60s...
2026-04-10 08:30:10,678 [ERROR] Too many visits. Exceeded the API Rate Limit. (ErrCode: 10006). Hit the API rate limit on https://api.bybit.com/v5/market/kline?category=linear&interval=5&limit=110&symbol=ARBUSDT. Sleeping then trying again.
2026-04-10 08:30:10,679 [WARNING] kline fetch error [ARBUSDT 5] attempt 1: 'x-bapi-limit-reset-timestamp'
2026-04-10 08:30:11,919 [ERROR] Too many visits. Exceeded the API Rate Limit. (ErrCode: 10006). Hit the API rate limit on https://api.bybit.com/v5/market/kline?category=linear&interval=5&limit=110&symbol=ARBUSDT. Sleeping then trying again.
2026-04-10 08:30:11,919 [WARNING] kline fetch error [ARBUSDT 5] attempt 2: 'x-bapi-limit-reset-timestamp'
2026-04-10 08:30:31,316 [INFO] Balance=96.43 | Equity=96.43 | Growth=-3.6% | Trades=14 | WR=50% | PF=1.14 | DD=25.1% | Open=none
2026-04-10 08:30:31,316 [WARNING] Trading halted. Waiting 60s...
2026-04-10 08:32:37,909 [INFO] Balance=96.43 | Equity=96.43 | Growth=-3.6% | Trades=14 | WR=50% | PF=1.14 | DD=25.1% | Open=none
2026-04-10 08:32:37,909 [WARNING] Trading halted. Waiting 60s...
2026-04-10 08:34:42,858 [INFO] Balance=96.43 | Equity=96.43 | Growth=-3.6% | Trades=14 | WR=50% | PF=1.14 | DD=25.1% | Open=none
2026-04-10 08:34:42,859 [WARNING] Trading halted. Waiting 60s...
2026-04-10 08:37:11,323 [INFO] Balance=96.43 | Equity=96.43 | Growth=-3.6% | Trades=14 | WR=50% | PF=1.14 | DD=25.1% | Open=none
2026-04-10 08:37:11,323 [WARNING] Trading halted. Waiting 60s...
2026-04-10 08:39:17,982 [INFO] Balance=96.43 | Equity=96.43 | Growth=-3.6% | Trades=14 | WR=50% | PF=1.14 | DD=25.1% | Open=none
2026-04-10 08:39:17,983 [WARNING] Trading halted. Waiting 60s...
2026-04-10 08:41:23,984 [INFO] Balance=96.43 | Equity=96.43 | Growth=-3.6% | Trades=14 | WR=50% | PF=1.14 | DD=25.1% | Open=none
2026-04-10 08:41:23,985 [WARNING] Trading halted. Waiting 60s...
2026-04-10 08:43:31,115 [INFO] Balance=96.43 | Equity=96.43 | Growth=-3.6% | Trades=14 | WR=50% | PF=1.14 | DD=25.1% | Open=none
2026-04-10 08:43:31,116 [WARNING] Trading halted. Waiting 60s...
2026-04-10 08:45:34,646 [INFO] Balance=96.43 | Equity=96.43 | Growth=-3.6% | Trades=14 | WR=50% | PF=1.14 | DD=25.1% | Open=none
2026-04-10 08:45:34,646 [WARNING] Trading halted. Waiting 60s...
2026-04-10 08:47:27,803 [INFO] Balance=96.43 | Equity=96.43 | Growth=-3.6% | Trades=14 | WR=50% | PF=1.14 | DD=25.1% | Open=none
2026-04-10 08:47:27,804 [WARNING] Trading halted. Waiting 60s...
2026-04-10 08:49:14,422 [INFO] Balance=96.43 | Equity=96.43 | Growth=-3.6% | Trades=14 | WR=50% | PF=1.14 | DD=25.1% | Open=none
2026-04-10 08:49:14,423 [WARNING] Trading halted. Waiting 60s...
2026-04-10 08:51:01,773 [INFO] Balance=96.43 | Equity=96.43 | Growth=-3.6% | Trades=14 | WR=50% | PF=1.14 | DD=25.1% | Open=none
2026-04-10 08:51:01,774 [WARNING] Trading halted. Waiting 60s...
2026-04-10 08:52:43,431 [INFO] Balance=96.43 | Equity=96.43 | Growth=-3.6% | Trades=14 | WR=50% | PF=1.14 | DD=25.1% | Open=none
2026-04-10 08:52:43,432 [WARNING] Trading halted. Waiting 60s...
2026-04-10 08:53:13,750 [INFO] ============================================================
2026-04-10 08:53:13,750 [INFO] DepositBooster Paper Bot started
2026-04-10 08:53:13,750 [INFO] Strategy: Momentum Breakout + SMC | R:R=3.0 | Min confluence=4
2026-04-10 08:53:13,751 [INFO] Initial balance: $100.00 | Leverage: 20x | Risk/trade: 3%
2026-04-10 08:53:13,751 [INFO] Funding filter: ON | Breakout vol_z >= 1.5
2026-04-10 08:53:13,751 [INFO] Symbols: BTCUSDT, ETHUSDT, SOLUSDT, BNBUSDT, XRPUSDT, DOGEUSDT, ADAUSDT, AVAXUSDT, LINKUSDT, ARBUSDT, APTUSDT, INJUSDT, SUIUSDT, OPUSDT, FETUSDT
2026-04-10 08:53:13,751 [INFO] ============================================================
2026-04-10 08:54:06,187 [INFO] Balance=100.00 | Equity=100.00 | Growth=0.0% | Trades=0 | WR=0% | PF=0.00 | DD=0.0% | Open=none
2026-04-10 08:54:35,529 [INFO] Balance=96.43 | Equity=96.43 | Growth=-3.6% | Trades=14 | WR=50% | PF=1.14 | DD=25.1% | Open=none
2026-04-10 08:54:35,529 [WARNING] Trading halted. Waiting 60s...
2026-04-10 08:55:59,221 [INFO] Balance=100.00 | Equity=100.00 | Growth=0.0% | Trades=0 | WR=0% | PF=0.00 | DD=0.0% | Open=none
2026-04-10 08:56:30,903 [INFO] Balance=96.43 | Equity=96.43 | Growth=-3.6% | Trades=14 | WR=50% | PF=1.14 | DD=25.1% | Open=none
2026-04-10 08:56:30,903 [WARNING] Trading halted. Waiting 60s...
2026-04-10 08:57:53,823 [INFO] Balance=100.00 | Equity=100.00 | Growth=0.0% | Trades=0 | WR=0% | PF=0.00 | DD=0.0% | Open=none
2026-04-10 08:58:21,985 [INFO] Balance=96.43 | Equity=96.43 | Growth=-3.6% | Trades=14 | WR=50% | PF=1.14 | DD=25.1% | Open=none
2026-04-10 08:58:21,985 [WARNING] Trading halted. Waiting 60s...
2026-04-10 08:59:36,064 [INFO] Balance=100.00 | Equity=100.00 | Growth=0.0% | Trades=0 | WR=0% | PF=0.00 | DD=0.0% | Open=none
2026-04-10 09:00:03,872 [ERROR] Too many visits. Exceeded the API Rate Limit. (ErrCode: 10006). Hit the API rate limit on https://api.bybit.com/v5/market/kline?category=linear&interval=15&limit=60&symbol=SUIUSDT. Sleeping then trying again.
2026-04-10 09:00:03,872 [WARNING] kline fetch error [SUIUSDT 15] attempt 1: 'x-bapi-limit-reset-timestamp'
2026-04-10 09:00:07,660 [ERROR] Too many visits. Exceeded the API Rate Limit. (ErrCode: 10006). Hit the API rate limit on https://api.bybit.com/v5/market/kline?category=linear&interval=60&limit=60&symbol=SUIUSDT. Sleeping then trying again.
2026-04-10 09:00:07,660 [WARNING] kline fetch error [SUIUSDT 60] attempt 1: 'x-bapi-limit-reset-timestamp'
2026-04-10 09:00:10,906 [ERROR] Too many visits. Exceeded the API Rate Limit. (ErrCode: 10006). Hit the API rate limit on https://api.bybit.com/v5/market/kline?category=linear&interval=15&limit=60&symbol=OPUSDT. Sleeping then trying again.
2026-04-10 09:00:10,907 [WARNING] kline fetch error [OPUSDT 15] attempt 1: 'x-bapi-limit-reset-timestamp'
2026-04-10 09:00:15,327 [INFO] Balance=96.43 | Equity=96.43 | Growth=-3.6% | Trades=14 | WR=50% | PF=1.14 | DD=25.1% | Open=none
2026-04-10 09:00:15,327 [WARNING] Trading halted. Waiting 60s...
2026-04-10 09:01:28,049 [INFO] Balance=100.00 | Equity=100.00 | Growth=0.0% | Trades=0 | WR=0% | PF=0.00 | DD=0.0% | Open=none
2026-04-10 09:02:05,808 [INFO] Balance=96.43 | Equity=96.43 | Growth=-3.6% | Trades=14 | WR=50% | PF=1.14 | DD=25.1% | Open=none
2026-04-10 09:02:05,809 [WARNING] Trading halted. Waiting 60s...
2026-04-10 09:03:21,791 [INFO] Balance=100.00 | Equity=100.00 | Growth=0.0% | Trades=0 | WR=0% | PF=0.00 | DD=0.0% | Open=none
2026-04-10 09:03:58,133 [INFO] Balance=96.43 | Equity=96.43 | Growth=-3.6% | Trades=14 | WR=50% | PF=1.14 | DD=25.1% | Open=none
2026-04-10 09:03:58,133 [WARNING] Trading halted. Waiting 60s...
2026-04-10 09:05:12,652 [INFO] Balance=100.00 | Equity=100.00 | Growth=0.0% | Trades=0 | WR=0% | PF=0.00 | DD=0.0% | Open=none
2026-04-10 09:05:39,898 [INFO] Balance=96.43 | Equity=96.43 | Growth=-3.6% | Trades=14 | WR=50% | PF=1.14 | DD=25.1% | Open=none
2026-04-10 09:05:39,898 [WARNING] Trading halted. Waiting 60s...
2026-04-10 09:07:58,242 [INFO] ============================================================
2026-04-10 09:07:58,242 [INFO] DepositBooster Paper Bot started
2026-04-10 09:07:58,243 [INFO] Strategy: Momentum Breakout + SMC | R:R=3.0 | Min confluence=4
2026-04-10 09:07:58,243 [INFO] Initial balance: $100.00 | Leverage: 20x | Risk/trade: 3%
2026-04-10 09:07:58,243 [INFO] Funding filter: ON | Breakout vol_z >= 1.5
2026-04-10 09:07:58,243 [INFO] Symbols: BTCUSDT, ETHUSDT, SOLUSDT, BNBUSDT, XRPUSDT, DOGEUSDT, ADAUSDT, AVAXUSDT, LINKUSDT, ARBUSDT, APTUSDT, INJUSDT, SUIUSDT, OPUSDT, FETUSDT
2026-04-10 09:07:58,243 [INFO] ============================================================
2026-04-10 09:08:43,499 [INFO] Balance=100.00 | Equity=100.00 | Growth=0.0% | Trades=0 | WR=0% | PF=0.00 | DD=0.0% | Open=none
2026-04-10 09:10:19,999 [INFO] Balance=100.00 | Equity=100.00 | Growth=0.0% | Trades=0 | WR=0% | PF=0.00 | DD=0.0% | Open=none
2026-04-10 09:12:01,926 [INFO] Balance=100.00 | Equity=100.00 | Growth=0.0% | Trades=0 | WR=0% | PF=0.00 | DD=0.0% | Open=none
2026-04-10 09:13:33,406 [INFO] ============================================================
2026-04-10 09:13:33,406 [INFO] DepositBooster Paper Bot started
2026-04-10 09:13:33,406 [INFO] Strategy: Momentum Breakout + SMC | R:R=3.0 | Min confluence=4
2026-04-10 09:13:33,406 [INFO] Initial balance: $100.00 | Leverage: 20x | Risk/trade: 3%
2026-04-10 09:13:33,406 [INFO] Funding filter: ON | Breakout vol_z >= 1.5
2026-04-10 09:13:33,406 [INFO] Symbols: BTCUSDT, ETHUSDT, SOLUSDT, BNBUSDT, XRPUSDT, DOGEUSDT, ADAUSDT, AVAXUSDT, LINKUSDT, ARBUSDT, APTUSDT, INJUSDT, SUIUSDT, OPUSDT, FETUSDT
2026-04-10 09:13:33,406 [INFO] ============================================================
2026-04-10 09:14:19,771 [INFO] Balance=100.00 | Equity=100.00 | Growth=0.0% | Trades=0 | WR=0% | PF=0.00 | DD=0.0% | Open=none
2026-04-10 09:16:01,252 [INFO] Balance=100.00 | Equity=100.00 | Growth=0.0% | Trades=0 | WR=0% | PF=0.00 | DD=0.0% | Open=none
2026-04-10 09:17:35,701 [INFO] Balance=100.00 | Equity=100.00 | Growth=0.0% | Trades=0 | WR=0% | PF=0.00 | DD=0.0% | Open=none
2026-04-10 09:19:16,995 [INFO] Balance=100.00 | Equity=100.00 | Growth=0.0% | Trades=0 | WR=0% | PF=0.00 | DD=0.0% | Open=none
2026-04-10 09:20:56,024 [INFO] Balance=100.00 | Equity=100.00 | Growth=0.0% | Trades=0 | WR=0% | PF=0.00 | DD=0.0% | Open=none
2026-04-10 09:22:31,512 [INFO] Balance=100.00 | Equity=100.00 | Growth=0.0% | Trades=0 | WR=0% | PF=0.00 | DD=0.0% | Open=none
2026-04-10 09:24:12,517 [INFO] Balance=100.00 | Equity=100.00 | Growth=0.0% | Trades=0 | WR=0% | PF=0.00 | DD=0.0% | Open=none
2026-04-10 09:25:46,593 [INFO] Balance=100.00 | Equity=100.00 | Growth=0.0% | Trades=0 | WR=0% | PF=0.00 | DD=0.0% | Open=none
2026-04-10 09:27:27,681 [INFO] Balance=100.00 | Equity=100.00 | Growth=0.0% | Trades=0 | WR=0% | PF=0.00 | DD=0.0% | Open=none
2026-04-10 09:29:07,023 [INFO] Balance=100.00 | Equity=100.00 | Growth=0.0% | Trades=0 | WR=0% | PF=0.00 | DD=0.0% | Open=none
2026-04-10 09:30:40,370 [INFO] Balance=100.00 | Equity=100.00 | Growth=0.0% | Trades=0 | WR=0% | PF=0.00 | DD=0.0% | Open=none
2026-04-10 09:32:22,298 [INFO] Balance=100.00 | Equity=100.00 | Growth=0.0% | Trades=0 | WR=0% | PF=0.00 | DD=0.0% | Open=none
2026-04-10 09:34:05,811 [INFO] Balance=100.00 | Equity=100.00 | Growth=0.0% | Trades=0 | WR=0% | PF=0.00 | DD=0.0% | Open=none
2026-04-10 14:57:21,731 [INFO] ============================================================
2026-04-10 14:57:21,731 [INFO] DepositBooster Paper Bot started
2026-04-10 14:57:21,732 [INFO] Strategy: Momentum Breakout + SMC | R:R=3.0 | Min confluence=4
2026-04-10 14:57:21,732 [INFO] Initial balance: $100.00 | Leverage: 20x | Risk/trade: 3%
2026-04-10 14:57:21,732 [INFO] Funding filter: ON | Breakout vol_z >= 1.5
2026-04-10 14:57:21,732 [INFO] Symbols: BTCUSDT, ETHUSDT, SOLUSDT, BNBUSDT, XRPUSDT, DOGEUSDT, ADAUSDT, AVAXUSDT, LINKUSDT, ARBUSDT, APTUSDT, INJUSDT, SUIUSDT, OPUSDT, FETUSDT
2026-04-10 14:57:21,733 [INFO] ============================================================
2026-04-10 14:58:15,820 [INFO] Balance=100.00 | Equity=100.00 | Growth=0.0% | Trades=0 | WR=0% | PF=0.00 | DD=0.0% | Open=none
2026-04-10 15:00:07,052 [INFO] Balance=100.00 | Equity=100.00 | Growth=0.0% | Trades=0 | WR=0% | PF=0.00 | DD=0.0% | Open=none
2026-04-10 15:01:55,952 [INFO] Balance=100.00 | Equity=100.00 | Growth=0.0% | Trades=0 | WR=0% | PF=0.00 | DD=0.0% | Open=none
2026-04-10 15:03:49,178 [INFO] Balance=100.00 | Equity=100.00 | Growth=0.0% | Trades=0 | WR=0% | PF=0.00 | DD=0.0% | Open=none
2026-04-10 15:05:54,612 [INFO] Balance=100.00 | Equity=100.00 | Growth=0.0% | Trades=0 | WR=0% | PF=0.00 | DD=0.0% | Open=none
2026-04-10 15:07:55,244 [INFO] Balance=100.00 | Equity=100.00 | Growth=0.0% | Trades=0 | WR=0% | PF=0.00 | DD=0.0% | Open=none
2026-04-10 15:09:51,891 [INFO] Balance=100.00 | Equity=100.00 | Growth=0.0% | Trades=0 | WR=0% | PF=0.00 | DD=0.0% | Open=none
2026-04-10 15:11:45,405 [INFO] Balance=100.00 | Equity=100.00 | Growth=0.0% | Trades=0 | WR=0% | PF=0.00 | DD=0.0% | Open=none
2026-04-10 15:13:35,837 [INFO] Balance=100.00 | Equity=100.00 | Growth=0.0% | Trades=0 | WR=0% | PF=0.00 | DD=0.0% | Open=none
2026-04-10 15:15:05,426 [ERROR] Too many visits. Exceeded the API Rate Limit. (ErrCode: 10006). Hit the API rate limit on https://api.bybit.com/v5/market/kline?category=linear&interval=15&limit=60&symbol=LINKUSDT. Sleeping then trying again.
2026-04-10 15:15:05,427 [WARNING] kline fetch error [LINKUSDT 15] attempt 1: 'x-bapi-limit-reset-timestamp'
2026-04-10 15:15:28,384 [INFO] Balance=100.00 | Equity=100.00 | Growth=0.0% | Trades=0 | WR=0% | PF=0.00 | DD=0.0% | Open=none
2026-04-10 15:17:22,086 [INFO] Balance=100.00 | Equity=100.00 | Growth=0.0% | Trades=0 | WR=0% | PF=0.00 | DD=0.0% | Open=none
2026-04-10 15:19:11,335 [INFO] Balance=100.00 | Equity=100.00 | Growth=0.0% | Trades=0 | WR=0% | PF=0.00 | DD=0.0% | Open=none
2026-04-10 15:21:00,385 [INFO] Balance=100.00 | Equity=100.00 | Growth=0.0% | Trades=0 | WR=0% | PF=0.00 | DD=0.0% | Open=none
2026-04-10 15:22:50,864 [INFO] Balance=100.00 | Equity=100.00 | Growth=0.0% | Trades=0 | WR=0% | PF=0.00 | DD=0.0% | Open=none
2026-04-10 15:24:39,961 [INFO] Balance=100.00 | Equity=100.00 | Growth=0.0% | Trades=0 | WR=0% | PF=0.00 | DD=0.0% | Open=none
2026-04-10 15:26:28,611 [INFO] Balance=100.00 | Equity=100.00 | Growth=0.0% | Trades=0 | WR=0% | PF=0.00 | DD=0.0% | Open=none
2026-04-10 15:28:14,183 [INFO] Balance=100.00 | Equity=100.00 | Growth=0.0% | Trades=0 | WR=0% | PF=0.00 | DD=0.0% | Open=none
2026-04-10 15:30:01,499 [INFO] Balance=100.00 | Equity=100.00 | Growth=0.0% | Trades=0 | WR=0% | PF=0.00 | DD=0.0% | Open=none
2026-04-10 15:31:52,471 [INFO] Balance=100.00 | Equity=100.00 | Growth=0.0% | Trades=0 | WR=0% | PF=0.00 | DD=0.0% | Open=none
2026-04-10 15:33:43,460 [INFO] Balance=100.00 | Equity=100.00 | Growth=0.0% | Trades=0 | WR=0% | PF=0.00 | DD=0.0% | Open=none
2026-04-10 15:35:34,969 [INFO] Balance=100.00 | Equity=100.00 | Growth=0.0% | Trades=0 | WR=0% | PF=0.00 | DD=0.0% | Open=none
2026-04-10 15:37:31,004 [INFO] Balance=100.00 | Equity=100.00 | Growth=0.0% | Trades=0 | WR=0% | PF=0.00 | DD=0.0% | Open=none
2026-04-10 15:39:21,766 [INFO] Balance=100.00 | Equity=100.00 | Growth=0.0% | Trades=0 | WR=0% | PF=0.00 | DD=0.0% | Open=none
2026-04-10 15:41:12,021 [INFO] Balance=100.00 | Equity=100.00 | Growth=0.0% | Trades=0 | WR=0% | PF=0.00 | DD=0.0% | Open=none
2026-04-10 15:43:02,839 [INFO] Balance=100.00 | Equity=100.00 | Growth=0.0% | Trades=0 | WR=0% | PF=0.00 | DD=0.0% | Open=none
2026-04-10 15:44:54,936 [INFO] Balance=100.00 | Equity=100.00 | Growth=0.0% | Trades=0 | WR=0% | PF=0.00 | DD=0.0% | Open=none
2026-04-10 15:46:46,864 [INFO] Balance=100.00 | Equity=100.00 | Growth=0.0% | Trades=0 | WR=0% | PF=0.00 | DD=0.0% | Open=none
2026-04-10 15:48:35,687 [INFO] Balance=100.00 | Equity=100.00 | Growth=0.0% | Trades=0 | WR=0% | PF=0.00 | DD=0.0% | Open=none
2026-04-10 15:50:30,271 [INFO] Balance=100.00 | Equity=100.00 | Growth=0.0% | Trades=0 | WR=0% | PF=0.00 | DD=0.0% | Open=none
2026-04-10 15:52:24,009 [INFO] Balance=100.00 | Equity=100.00 | Growth=0.0% | Trades=0 | WR=0% | PF=0.00 | DD=0.0% | Open=none
2026-04-10 15:54:14,633 [INFO] Balance=100.00 | Equity=100.00 | Growth=0.0% | Trades=0 | WR=0% | PF=0.00 | DD=0.0% | Open=none
2026-04-10 15:56:04,190 [INFO] Balance=100.00 | Equity=100.00 | Growth=0.0% | Trades=0 | WR=0% | PF=0.00 | DD=0.0% | Open=none
2026-04-10 15:57:58,352 [INFO] Balance=100.00 | Equity=100.00 | Growth=0.0% | Trades=0 | WR=0% | PF=0.00 | DD=0.0% | Open=none
2026-04-10 15:59:49,724 [INFO] Balance=100.00 | Equity=100.00 | Growth=0.0% | Trades=0 | WR=0% | PF=0.00 | DD=0.0% | Open=none
2026-04-10 16:01:43,377 [INFO] Balance=100.00 | Equity=100.00 | Growth=0.0% | Trades=0 | WR=0% | PF=0.00 | DD=0.0% | Open=none
2026-04-10 16:03:07,247 [WARNING] kline fetch error [BTCUSDT 15] attempt 1: HTTPSConnectionPool(host='api.bybit.com', port=443): Read timed out. (read timeout=10)
2026-04-10 16:04:16,564 [INFO] Balance=100.00 | Equity=100.00 | Growth=0.0% | Trades=0 | WR=0% | PF=0.00 | DD=0.0% | Open=none
2026-04-10 16:06:09,961 [INFO] Balance=100.00 | Equity=100.00 | Growth=0.0% | Trades=0 | WR=0% | PF=0.00 | DD=0.0% | Open=none
2026-04-10 16:07:57,946 [INFO] Balance=100.00 | Equity=100.00 | Growth=0.0% | Trades=0 | WR=0% | PF=0.00 | DD=0.0% | Open=none
2026-04-10 16:09:54,307 [INFO] Balance=100.00 | Equity=100.00 | Growth=0.0% | Trades=0 | WR=0% | PF=0.00 | DD=0.0% | Open=none
2026-04-10 16:11:51,165 [INFO] Balance=100.00 | Equity=100.00 | Growth=0.0% | Trades=0 | WR=0% | PF=0.00 | DD=0.0% | Open=none
2026-04-10 16:13:47,744 [INFO] Balance=100.00 | Equity=100.00 | Growth=0.0% | Trades=0 | WR=0% | PF=0.00 | DD=0.0% | Open=none
2026-04-10 16:15:03,893 [ERROR] Too many visits. Exceeded the API Rate Limit. (ErrCode: 10006). Hit the API rate limit on https://api.bybit.com/v5/market/kline?category=linear&interval=60&limit=60&symbol=BNBUSDT. Sleeping then trying again.
2026-04-10 16:15:03,893 [WARNING] kline fetch error [BNBUSDT 60] attempt 1: 'x-bapi-limit-reset-timestamp'
2026-04-10 16:15:07,457 [ERROR] Too many visits. Exceeded the API Rate Limit. (ErrCode: 10006). Hit the API rate limit on https://api.bybit.com/v5/market/kline?category=linear&interval=5&limit=110&symbol=XRPUSDT. Sleeping then trying again.
2026-04-10 16:15:07,457 [WARNING] kline fetch error [XRPUSDT 5] attempt 1: 'x-bapi-limit-reset-timestamp'
2026-04-10 16:15:08,704 [ERROR] Too many visits. Exceeded the API Rate Limit. (ErrCode: 10006). Hit the API rate limit on https://api.bybit.com/v5/market/kline?category=linear&interval=5&limit=110&symbol=XRPUSDT. Sleeping then trying again.
2026-04-10 16:15:08,705 [WARNING] kline fetch error [XRPUSDT 5] attempt 2: 'x-bapi-limit-reset-timestamp'
2026-04-10 16:15:53,905 [INFO] Balance=100.00 | Equity=100.00 | Growth=0.0% | Trades=0 | WR=0% | PF=0.00 | DD=0.0% | Open=none
2026-04-10 16:17:49,875 [INFO] Balance=100.00 | Equity=100.00 | Growth=0.0% | Trades=0 | WR=0% | PF=0.00 | DD=0.0% | Open=none
2026-04-10 16:19:44,160 [INFO] Balance=100.00 | Equity=100.00 | Growth=0.0% | Trades=0 | WR=0% | PF=0.00 | DD=0.0% | Open=none
2026-04-10 16:21:38,504 [INFO] Balance=100.00 | Equity=100.00 | Growth=0.0% | Trades=0 | WR=0% | PF=0.00 | DD=0.0% | Open=none
2026-04-10 16:23:35,933 [INFO] Balance=100.00 | Equity=100.00 | Growth=0.0% | Trades=0 | WR=0% | PF=0.00 | DD=0.0% | Open=none
2026-04-10 16:25:30,749 [INFO] Balance=100.00 | Equity=100.00 | Growth=0.0% | Trades=0 | WR=0% | PF=0.00 | DD=0.0% | Open=none
2026-04-10 16:27:18,690 [INFO] Balance=100.00 | Equity=100.00 | Growth=0.0% | Trades=0 | WR=0% | PF=0.00 | DD=0.0% | Open=none
2026-04-10 16:29:12,626 [INFO] Balance=100.00 | Equity=100.00 | Growth=0.0% | Trades=0 | WR=0% | PF=0.00 | DD=0.0% | Open=none
2026-04-10 16:31:02,205 [INFO] Balance=100.00 | Equity=100.00 | Growth=0.0% | Trades=0 | WR=0% | PF=0.00 | DD=0.0% | Open=none
2026-04-10 16:32:54,987 [INFO] Balance=100.00 | Equity=100.00 | Growth=0.0% | Trades=0 | WR=0% | PF=0.00 | DD=0.0% | Open=none
2026-04-10 16:34:46,976 [INFO] Balance=100.00 | Equity=100.00 | Growth=0.0% | Trades=0 | WR=0% | PF=0.00 | DD=0.0% | Open=none
2026-04-10 16:36:39,412 [INFO] Balance=100.00 | Equity=100.00 | Growth=0.0% | Trades=0 | WR=0% | PF=0.00 | DD=0.0% | Open=none
2026-04-10 16:38:30,106 [INFO] Balance=100.00 | Equity=100.00 | Growth=0.0% | Trades=0 | WR=0% | PF=0.00 | DD=0.0% | Open=none
2026-04-10 16:40:19,828 [INFO] Balance=100.00 | Equity=100.00 | Growth=0.0% | Trades=0 | WR=0% | PF=0.00 | DD=0.0% | Open=none
2026-04-10 16:42:07,230 [INFO] Balance=100.00 | Equity=100.00 | Growth=0.0% | Trades=0 | WR=0% | PF=0.00 | DD=0.0% | Open=none
2026-04-10 16:43:55,646 [INFO] Balance=100.00 | Equity=100.00 | Growth=0.0% | Trades=0 | WR=0% | PF=0.00 | DD=0.0% | Open=none
2026-04-10 16:45:29,504 [INFO] ============================================================
2026-04-10 16:45:29,505 [INFO] DepositBooster Paper Bot started
2026-04-10 16:45:29,505 [INFO] Strategy: Momentum Breakout + SMC | R:R=3.0 | Min confluence=4
2026-04-10 16:45:29,505 [INFO] Initial balance: $100.00 | Leverage: 20x | Risk/trade: 3%
2026-04-10 16:45:29,505 [INFO] Funding filter: ON | Breakout vol_z >= 1.5
2026-04-10 16:45:29,505 [INFO] Symbols: BTCUSDT, ETHUSDT, SOLUSDT, BNBUSDT, XRPUSDT, DOGEUSDT, ADAUSDT, AVAXUSDT, LINKUSDT, ARBUSDT, APTUSDT, INJUSDT, SUIUSDT, OPUSDT, FETUSDT
2026-04-10 16:45:29,505 [INFO] ============================================================
2026-04-10 16:45:45,512 [INFO] Balance=100.00 | Equity=100.00 | Growth=0.0% | Trades=0 | WR=0% | PF=0.00 | DD=0.0% | Open=none
2026-04-10 16:45:47,257 [INFO] Balance=100.00 | Equity=100.00 | Growth=0.0% | Trades=0 | WR=0% | PF=0.00 | DD=0.0% | Open=none
2026-04-10 16:47:08,612 [INFO] Balance=100.00 | Equity=100.00 | Growth=0.0% | Trades=0 | WR=0% | PF=0.00 | DD=0.0% | Open=none
2026-04-10 16:47:37,237 [INFO] Balance=100.00 | Equity=100.00 | Growth=0.0% | Trades=0 | WR=0% | PF=0.00 | DD=0.0% | Open=none
2026-04-10 16:48:32,172 [INFO] Balance=100.00 | Equity=100.00 | Growth=0.0% | Trades=0 | WR=0% | PF=0.00 | DD=0.0% | Open=none
2026-04-10 16:49:26,169 [INFO] Balance=100.00 | Equity=100.00 | Growth=0.0% | Trades=0 | WR=0% | PF=0.00 | DD=0.0% | Open=none
2026-04-10 16:49:50,598 [INFO] Balance=100.00 | Equity=100.00 | Growth=0.0% | Trades=0 | WR=0% | PF=0.00 | DD=0.0% | Open=none
2026-04-10 16:51:08,087 [INFO] Balance=100.00 | Equity=100.00 | Growth=0.0% | Trades=0 | WR=0% | PF=0.00 | DD=0.0% | Open=none
2026-04-10 16:51:19,126 [INFO] Balance=100.00 | Equity=100.00 | Growth=0.0% | Trades=0 | WR=0% | PF=0.00 | DD=0.0% | Open=none
2026-04-10 16:52:28,116 [INFO] Balance=100.00 | Equity=100.00 | Growth=0.0% | Trades=0 | WR=0% | PF=0.00 | DD=0.0% | Open=none
2026-04-10 16:53:14,045 [INFO] Balance=100.00 | Equity=100.00 | Growth=0.0% | Trades=0 | WR=0% | PF=0.00 | DD=0.0% | Open=none
2026-04-10 16:53:44,991 [INFO] Balance=100.00 | Equity=100.00 | Growth=0.0% | Trades=0 | WR=0% | PF=0.00 | DD=0.0% | Open=none
2026-04-10 16:55:01,316 [INFO] Balance=100.00 | Equity=100.00 | Growth=0.0% | Trades=0 | WR=0% | PF=0.00 | DD=0.0% | Open=none
2026-04-10 16:55:07,416 [INFO] Balance=100.00 | Equity=100.00 | Growth=0.0% | Trades=0 | WR=0% | PF=0.00 | DD=0.0% | Open=none
2026-04-10 16:56:19,617 [INFO] Balance=100.00 | Equity=100.00 | Growth=0.0% | Trades=0 | WR=0% | PF=0.00 | DD=0.0% | Open=none
2026-04-10 16:56:54,200 [INFO] Balance=100.00 | Equity=100.00 | Growth=0.0% | Trades=0 | WR=0% | PF=0.00 | DD=0.0% | Open=none
2026-04-10 16:57:39,783 [INFO] Balance=100.00 | Equity=100.00 | Growth=0.0% | Trades=0 | WR=0% | PF=0.00 | DD=0.0% | Open=none
2026-04-10 16:58:48,472 [INFO] Balance=100.00 | Equity=100.00 | Growth=0.0% | Trades=0 | WR=0% | PF=0.00 | DD=0.0% | Open=none
2026-04-10 16:58:59,155 [INFO] Balance=100.00 | Equity=100.00 | Growth=0.0% | Trades=0 | WR=0% | PF=0.00 | DD=0.0% | Open=none
2026-04-10 17:00:03,033 [ERROR] Too many visits. Exceeded the API Rate Limit. (ErrCode: 10006). Hit the API rate limit on https://api.bybit.com/v5/market/kline?category=linear&interval=5&limit=110&symbol=SOLUSDT. Sleeping then trying again.
2026-04-10 17:00:03,034 [WARNING] kline fetch error [SOLUSDT 5] attempt 1: 'x-bapi-limit-reset-timestamp'
2026-04-10 17:00:04,288 [ERROR] Too many visits. Exceeded the API Rate Limit. (ErrCode: 10006). Hit the API rate limit on https://api.bybit.com/v5/market/kline?category=linear&interval=5&limit=110&symbol=SOLUSDT. Sleeping then trying again.
2026-04-10 17:00:04,289 [WARNING] kline fetch error [SOLUSDT 5] attempt 2: 'x-bapi-limit-reset-timestamp'
2026-04-10 17:00:07,189 [ERROR] Too many visits. Exceeded the API Rate Limit. (ErrCode: 10006). Hit the API rate limit on https://api.bybit.com/v5/market/kline?category=linear&interval=15&limit=60&symbol=SOLUSDT. Sleeping then trying again.
2026-04-10 17:00:07,190 [WARNING] kline fetch error [SOLUSDT 15] attempt 1: 'x-bapi-limit-reset-timestamp'
2026-04-10 17:00:09,656 [ERROR] Too many visits. Exceeded the API Rate Limit. (ErrCode: 10006). Hit the API rate limit on https://api.bybit.com/v5/market/kline?category=linear&interval=15&limit=60&symbol=SOLUSDT. Sleeping then trying again.
2026-04-10 17:00:09,657 [WARNING] kline fetch error [SOLUSDT 15] attempt 2: 'x-bapi-limit-reset-timestamp'
2026-04-10 17:00:12,185 [ERROR] Too many visits. Exceeded the API Rate Limit. (ErrCode: 10006). Hit the API rate limit on https://api.bybit.com/v5/market/kline?category=linear&interval=15&limit=60&symbol=SOLUSDT. Sleeping then trying again.
2026-04-10 17:00:12,186 [WARNING] kline fetch error [SOLUSDT 15] attempt 3: 'x-bapi-limit-reset-timestamp'
2026-04-10 17:00:17,521 [ERROR] Too many visits. Exceeded the API Rate Limit. (ErrCode: 10006). Hit the API rate limit on https://api.bybit.com/v5/market/kline?category=linear&interval=60&limit=60&symbol=BNBUSDT. Sleeping then trying again.
2026-04-10 17:00:17,521 [WARNING] kline fetch error [BNBUSDT 60] attempt 1: 'x-bapi-limit-reset-timestamp'
2026-04-10 17:00:20,198 [ERROR] Too many visits. Exceeded the API Rate Limit. (ErrCode: 10006). Hit the API rate limit on https://api.bybit.com/v5/market/kline?category=linear&interval=5&limit=110&symbol=XRPUSDT. Sleeping then trying again.
2026-04-10 17:00:20,199 [WARNING] kline fetch error [XRPUSDT 5] attempt 1: 'x-bapi-limit-reset-timestamp'
2026-04-10 17:00:27,189 [ERROR] Too many visits. Exceeded the API Rate Limit. (ErrCode: 10006). Hit the API rate limit on https://api.bybit.com/v5/market/kline?category=linear&interval=15&limit=60&symbol=LINKUSDT. Sleeping then trying again.
2026-04-10 17:00:27,190 [WARNING] kline fetch error [LINKUSDT 15] attempt 1: 'x-bapi-limit-reset-timestamp'
2026-04-10 17:00:29,889 [ERROR] Too many visits. Exceeded the API Rate Limit. (ErrCode: 10006). Hit the API rate limit on https://api.bybit.com/v5/market/kline?category=linear&interval=15&limit=60&symbol=ARBUSDT. Sleeping then trying again.
2026-04-10 17:00:29,889 [WARNING] kline fetch error [ARBUSDT 15] attempt 1: 'x-bapi-limit-reset-timestamp'
2026-04-10 17:00:31,964 [ERROR] Too many visits. Exceeded the API Rate Limit. (ErrCode: 10006). Hit the API rate limit on https://api.bybit.com/v5/market/kline?category=linear&interval=5&limit=110&symbol=APTUSDT. Sleeping then trying again.
2026-04-10 17:00:31,964 [WARNING] kline fetch error [APTUSDT 5] attempt 1: 'x-bapi-limit-reset-timestamp'
2026-04-10 17:00:33,203 [ERROR] Too many visits. Exceeded the API Rate Limit. (ErrCode: 10006). Hit the API rate limit on https://api.bybit.com/v5/market/kline?category=linear&interval=5&limit=110&symbol=APTUSDT. Sleeping then trying again.
2026-04-10 17:00:33,203 [WARNING] kline fetch error [APTUSDT 5] attempt 2: 'x-bapi-limit-reset-timestamp'
2026-04-10 17:00:40,918 [INFO] Balance=100.00 | Equity=100.00 | Growth=0.0% | Trades=0 | WR=0% | PF=0.00 | DD=0.0% | Open=none
2026-04-10 17:00:44,864 [INFO] Balance=100.00 | Equity=100.00 | Growth=0.0% | Trades=0 | WR=0% | PF=0.00 | DD=0.0% | Open=none
2026-04-10 17:01:59,765 [INFO] Balance=100.00 | Equity=100.00 | Growth=0.0% | Trades=0 | WR=0% | PF=0.00 | DD=0.0% | Open=none
2026-04-10 17:02:34,499 [INFO] Balance=100.00 | Equity=100.00 | Growth=0.0% | Trades=0 | WR=0% | PF=0.00 | DD=0.0% | Open=none
2026-04-10 17:03:16,415 [INFO] Balance=100.00 | Equity=100.00 | Growth=0.0% | Trades=0 | WR=0% | PF=0.00 | DD=0.0% | Open=none
2026-04-10 17:04:20,597 [INFO] Balance=100.00 | Equity=100.00 | Growth=0.0% | Trades=0 | WR=0% | PF=0.00 | DD=0.0% | Open=none
2026-04-10 17:04:37,671 [INFO] Balance=100.00 | Equity=100.00 | Growth=0.0% | Trades=0 | WR=0% | PF=0.00 | DD=0.0% | Open=none
2026-04-10 17:05:57,038 [INFO] Balance=100.00 | Equity=100.00 | Growth=0.0% | Trades=0 | WR=0% | PF=0.00 | DD=0.0% | Open=none
2026-04-10 17:06:13,303 [INFO] Balance=100.00 | Equity=100.00 | Growth=0.0% | Trades=0 | WR=0% | PF=0.00 | DD=0.0% | Open=none
2026-04-10 17:07:13,852 [INFO] Balance=100.00 | Equity=100.00 | Growth=0.0% | Trades=0 | WR=0% | PF=0.00 | DD=0.0% | Open=none
2026-04-10 17:08:03,989 [INFO] Balance=100.00 | Equity=100.00 | Growth=0.0% | Trades=0 | WR=0% | PF=0.00 | DD=0.0% | Open=none
2026-04-10 17:08:29,862 [INFO] Balance=100.00 | Equity=100.00 | Growth=0.0% | Trades=0 | WR=0% | PF=0.00 | DD=0.0% | Open=none
2026-04-10 17:09:47,253 [INFO] OPEN SHORT OPUSDT @ 0.1133 | qty=4285.288824 | SL=0.1140 | TP=0.1112 | score=5 | fee=0.2670
2026-04-10 17:09:47,254 [INFO] Signal: SHORT OPUSDT | score=5 | funding=0.0100% | signals=['BREAKOUT_DN(vol_z=3.25)', 'EMA_BEAR', '15M_BEAR', '1H_BEAR']
2026-04-10 17:09:47,968 [INFO] Balance=99.73 | Equity=99.73 | Growth=-0.3% | Trades=0 | WR=0% | PF=0.00 | DD=0.0% | Open=['OPUSDT']
2026-04-10 17:09:49,696 [INFO] Balance=100.00 | Equity=100.00 | Growth=0.0% | Trades=0 | WR=0% | PF=0.00 | DD=0.0% | Open=none
2026-04-10 17:11:03,119 [INFO] Balance=99.73 | Equity=99.65 | Growth=-0.4% | Trades=0 | WR=0% | PF=0.00 | DD=0.0% | Open=['OPUSDT']
2026-04-10 17:11:42,399 [INFO] Balance=100.00 | Equity=100.00 | Growth=0.0% | Trades=0 | WR=0% | PF=0.00 | DD=0.0% | Open=none
2026-04-10 17:12:19,596 [INFO] Balance=99.73 | Equity=98.66 | Growth=-1.3% | Trades=0 | WR=0% | PF=0.00 | DD=0.0% | Open=['OPUSDT']
2026-04-10 17:13:33,479 [INFO] Balance=100.00 | Equity=100.00 | Growth=0.0% | Trades=0 | WR=0% | PF=0.00 | DD=0.0% | Open=none
2026-04-10 17:13:39,023 [INFO] Balance=99.73 | Equity=97.46 | Growth=-2.5% | Trades=0 | WR=0% | PF=0.00 | DD=0.0% | Open=['OPUSDT']
2026-04-10 17:14:04,115 [INFO] ============================================================
2026-04-10 17:14:04,115 [INFO] DepositBooster Paper Bot started
2026-04-10 17:14:04,115 [INFO] Strategy: Momentum Breakout + SMC | R:R=3.0 | Min confluence=4
2026-04-10 17:14:04,115 [INFO] Initial balance: $100.00 | Leverage: 20x | Risk/trade: 3%
2026-04-10 17:14:04,116 [INFO] Funding filter: ON | Breakout vol_z >= 1.5
2026-04-10 17:14:04,116 [INFO] Symbols: BTCUSDT, ETHUSDT, SOLUSDT, BNBUSDT, XRPUSDT, DOGEUSDT, ADAUSDT, AVAXUSDT, LINKUSDT, ARBUSDT, APTUSDT, INJUSDT, SUIUSDT, OPUSDT, FETUSDT
2026-04-10 17:14:04,116 [INFO] ============================================================
2026-04-10 17:14:23,164 [INFO] Balance=100.00 | Equity=100.00 | Growth=0.0% | Trades=0 | WR=0% | PF=0.00 | DD=0.0% | Open=none
2026-04-10 17:14:56,763 [INFO] Balance=99.73 | Equity=97.03 | Growth=-3.0% | Trades=0 | WR=0% | PF=0.00 | DD=0.0% | Open=['OPUSDT']
2026-04-10 17:15:03,736 [ERROR] Too many visits. Exceeded the API Rate Limit. (ErrCode: 10006). Hit the API rate limit on https://api.bybit.com/v5/market/kline?category=linear&interval=15&limit=60&symbol=LINKUSDT. Sleeping then trying again.
2026-04-10 17:15:03,737 [WARNING] kline fetch error [LINKUSDT 15] attempt 1: 'x-bapi-limit-reset-timestamp'
2026-04-10 17:15:27,784 [INFO] Balance=100.00 | Equity=100.00 | Growth=0.0% | Trades=0 | WR=0% | PF=0.00 | DD=0.0% | Open=none
2026-04-10 17:15:39,836 [INFO] Balance=100.00 | Equity=100.00 | Growth=0.0% | Trades=0 | WR=0% | PF=0.00 | DD=0.0% | Open=none
2026-04-10 17:16:14,081 [INFO] ❌ CLOSE SHORT OPUSDT @ 0.1141 | PnL=-3.8257 USDT (-3.83%) | reason=SL | balance=95.91
2026-04-10 17:16:14,083 [INFO] Balance=95.91 | Equity=95.91 | Growth=-4.1% | Trades=1 | WR=0% | PF=0.00 | DD=4.1% | Open=none
2026-04-10 17:16:56,757 [INFO] Balance=100.00 | Equity=100.00 | Growth=0.0% | Trades=0 | WR=0% | PF=0.00 | DD=0.0% | Open=none
2026-04-10 17:17:17,465 [INFO] Balance=100.00 | Equity=100.00 | Growth=0.0% | Trades=0 | WR=0% | PF=0.00 | DD=0.0% | Open=none
2026-04-10 17:17:31,597 [INFO] Balance=95.91 | Equity=95.91 | Growth=-4.1% | Trades=1 | WR=0% | PF=0.00 | DD=4.1% | Open=none
2026-04-10 17:18:12,839 [INFO] Balance=100.00 | Equity=100.00 | Growth=0.0% | Trades=0 | WR=0% | PF=0.00 | DD=0.0% | Open=none
2026-04-10 17:18:47,819 [INFO] Balance=95.91 | Equity=95.91 | Growth=-4.1% | Trades=1 | WR=0% | PF=0.00 | DD=4.1% | Open=none
2026-04-10 17:19:10,598 [INFO] Balance=100.00 | Equity=100.00 | Growth=0.0% | Trades=0 | WR=0% | PF=0.00 | DD=0.0% | Open=none
2026-04-10 17:19:28,418 [INFO] Balance=100.00 | Equity=100.00 | Growth=0.0% | Trades=0 | WR=0% | PF=0.00 | DD=0.0% | Open=none
2026-04-10 17:20:09,737 [ERROR] Too many visits. Exceeded the API Rate Limit. (ErrCode: 10006). Hit the API rate limit on https://api.bybit.com/v5/market/kline?category=linear&interval=60&limit=60&symbol=OPUSDT. Sleeping then trying again.
2026-04-10 17:20:09,738 [WARNING] kline fetch error [OPUSDT 60] attempt 1: 'x-bapi-limit-reset-timestamp'
2026-04-10 17:20:11,481 [ERROR] Too many visits. Exceeded the API Rate Limit. (ErrCode: 10006). Hit the API rate limit on https://api.bybit.com/v5/market/kline?category=linear&interval=5&limit=110&symbol=FETUSDT. Sleeping then trying again.
2026-04-10 17:20:11,482 [WARNING] kline fetch error [FETUSDT 5] attempt 1: 'x-bapi-limit-reset-timestamp'
2026-04-10 17:20:13,264 [INFO] Balance=95.91 | Equity=95.91 | Growth=-4.1% | Trades=1 | WR=0% | PF=0.00 | DD=4.1% | Open=none
2026-04-10 17:20:43,822 [INFO] Balance=100.00 | Equity=100.00 | Growth=0.0% | Trades=0 | WR=0% | PF=0.00 | DD=0.0% | Open=none
2026-04-10 17:20:58,089 [INFO] Balance=100.00 | Equity=100.00 | Growth=0.0% | Trades=0 | WR=0% | PF=0.00 | DD=0.0% | Open=none
2026-04-10 17:21:31,405 [INFO] Balance=95.91 | Equity=95.91 | Growth=-4.1% | Trades=1 | WR=0% | PF=0.00 | DD=4.1% | Open=none
2026-04-10 17:22:02,791 [INFO] Balance=100.00 | Equity=100.00 | Growth=0.0% | Trades=0 | WR=0% | PF=0.00 | DD=0.0% | Open=none
2026-04-10 17:22:52,605 [INFO] Balance=95.91 | Equity=95.91 | Growth=-4.1% | Trades=1 | WR=0% | PF=0.00 | DD=4.1% | Open=none
2026-04-10 17:22:52,772 [INFO] Balance=100.00 | Equity=100.00 | Growth=0.0% | Trades=0 | WR=0% | PF=0.00 | DD=0.0% | Open=none
2026-04-10 17:23:20,110 [INFO] Balance=100.00 | Equity=100.00 | Growth=0.0% | Trades=0 | WR=0% | PF=0.00 | DD=0.0% | Open=none
2026-04-10 17:24:08,165 [INFO] Balance=95.91 | Equity=95.91 | Growth=-4.1% | Trades=1 | WR=0% | PF=0.00 | DD=4.1% | Open=none
2026-04-10 17:24:36,151 [INFO] Balance=100.00 | Equity=100.00 | Growth=0.0% | Trades=0 | WR=0% | PF=0.00 | DD=0.0% | Open=none
2026-04-10 17:24:40,142 [INFO] Balance=100.00 | Equity=100.00 | Growth=0.0% | Trades=0 | WR=0% | PF=0.00 | DD=0.0% | Open=none
2026-04-10 17:25:26,203 [INFO] Balance=95.91 | Equity=95.91 | Growth=-4.1% | Trades=1 | WR=0% | PF=0.00 | DD=4.1% | Open=none
2026-04-10 17:25:53,023 [INFO] Balance=100.00 | Equity=100.00 | Growth=0.0% | Trades=0 | WR=0% | PF=0.00 | DD=0.0% | Open=none
2026-04-10 17:26:27,641 [INFO] Balance=100.00 | Equity=100.00 | Growth=0.0% | Trades=0 | WR=0% | PF=0.00 | DD=0.0% | Open=none
2026-04-10 17:26:43,688 [INFO] Balance=95.91 | Equity=95.91 | Growth=-4.1% | Trades=1 | WR=0% | PF=0.00 | DD=4.1% | Open=none
2026-04-10 17:27:11,807 [INFO] Balance=100.00 | Equity=100.00 | Growth=0.0% | Trades=0 | WR=0% | PF=0.00 | DD=0.0% | Open=none
2026-04-10 17:28:01,151 [INFO] Balance=95.91 | Equity=95.91 | Growth=-4.1% | Trades=1 | WR=0% | PF=0.00 | DD=4.1% | Open=none
2026-04-10 17:28:17,117 [INFO] Balance=100.00 | Equity=100.00 | Growth=0.0% | Trades=0 | WR=0% | PF=0.00 | DD=0.0% | Open=none
2026-04-10 17:28:29,473 [INFO] Balance=100.00 | Equity=100.00 | Growth=0.0% | Trades=0 | WR=0% | PF=0.00 | DD=0.0% | Open=none
2026-04-10 17:29:19,294 [INFO] Balance=95.91 | Equity=95.91 | Growth=-4.1% | Trades=1 | WR=0% | PF=0.00 | DD=4.1% | Open=none
2026-04-10 17:29:44,759 [INFO] Balance=100.00 | Equity=100.00 | Growth=0.0% | Trades=0 | WR=0% | PF=0.00 | DD=0.0% | Open=none
2026-04-10 17:30:07,980 [INFO] Balance=100.00 | Equity=100.00 | Growth=0.0% | Trades=0 | WR=0% | PF=0.00 | DD=0.0% | Open=none
2026-04-10 17:30:36,949 [INFO] Balance=95.91 | Equity=95.91 | Growth=-4.1% | Trades=1 | WR=0% | PF=0.00 | DD=4.1% | Open=none
2026-04-10 17:31:02,033 [INFO] Balance=100.00 | Equity=100.00 | Growth=0.0% | Trades=0 | WR=0% | PF=0.00 | DD=0.0% | Open=none
2026-04-10 17:31:55,753 [INFO] Balance=95.91 | Equity=95.91 | Growth=-4.1% | Trades=1 | WR=0% | PF=0.00 | DD=4.1% | Open=none
2026-04-10 17:31:58,445 [INFO] Balance=100.00 | Equity=100.00 | Growth=0.0% | Trades=0 | WR=0% | PF=0.00 | DD=0.0% | Open=none
2026-04-10 17:32:18,011 [INFO] Balance=100.00 | Equity=100.00 | Growth=0.0% | Trades=0 | WR=0% | PF=0.00 | DD=0.0% | Open=none
2026-04-10 17:33:34,305 [WARNING] kline fetch error [ETHUSDT 60] attempt 1: HTTPSConnectionPool(host='api.bybit.com', port=443): Read timed out. (read timeout=10)
2026-04-10 17:33:34,321 [WARNING] kline fetch error [ADAUSDT 60] attempt 1: HTTPSConnectionPool(host='api.bybit.com', port=443): Read timed out. (read timeout=10)
2026-04-10 17:33:34,536 [WARNING] kline fetch error [SOLUSDT 5] attempt 1: HTTPSConnectionPool(host='api.bybit.com', port=443): Read timed out. (read timeout=10)
2026-04-10 17:33:59,761 [INFO] Balance=95.91 | Equity=95.91 | Growth=-4.1% | Trades=1 | WR=0% | PF=0.00 | DD=4.1% | Open=none
2026-04-10 17:34:10,619 [INFO] Balance=100.00 | Equity=100.00 | Growth=0.0% | Trades=0 | WR=0% | PF=0.00 | DD=0.0% | Open=none
2026-04-10 17:35:02,281 [INFO] Balance=100.00 | Equity=100.00 | Growth=0.0% | Trades=0 | WR=0% | PF=0.00 | DD=0.0% | Open=none
2026-04-10 17:35:35,236 [INFO] Balance=95.91 | Equity=95.91 | Growth=-4.1% | Trades=1 | WR=0% | PF=0.00 | DD=4.1% | Open=none
2026-04-10 17:35:38,698 [INFO] Balance=100.00 | Equity=100.00 | Growth=0.0% | Trades=0 | WR=0% | PF=0.00 | DD=0.0% | Open=none
2026-04-10 17:37:03,285 [INFO] Balance=95.91 | Equity=95.91 | Growth=-4.1% | Trades=1 | WR=0% | PF=0.00 | DD=4.1% | Open=none
2026-04-10 17:37:06,281 [INFO] Balance=100.00 | Equity=100.00 | Growth=0.0% | Trades=0 | WR=0% | PF=0.00 | DD=0.0% | Open=none
2026-04-10 17:37:10,430 [INFO] Balance=100.00 | Equity=100.00 | Growth=0.0% | Trades=0 | WR=0% | PF=0.00 | DD=0.0% | Open=none
2026-04-10 17:38:20,520 [INFO] Balance=95.91 | Equity=95.91 | Growth=-4.1% | Trades=1 | WR=0% | PF=0.00 | DD=4.1% | Open=none
2026-04-10 17:38:25,638 [INFO] Balance=100.00 | Equity=100.00 | Growth=0.0% | Trades=0 | WR=0% | PF=0.00 | DD=0.0% | Open=none
2026-04-10 17:39:50,753 [INFO] Balance=100.00 | Equity=100.00 | Growth=0.0% | Trades=0 | WR=0% | PF=0.00 | DD=0.0% | Open=none
2026-04-10 17:39:50,976 [INFO] Balance=95.91 | Equity=95.91 | Growth=-4.1% | Trades=1 | WR=0% | PF=0.00 | DD=4.1% | Open=none
2026-04-10 17:39:52,357 [INFO] Balance=100.00 | Equity=100.00 | Growth=0.0% | Trades=0 | WR=0% | PF=0.00 | DD=0.0% | Open=none
2026-04-10 17:41:08,562 [INFO] Balance=95.91 | Equity=95.91 | Growth=-4.1% | Trades=1 | WR=0% | PF=0.00 | DD=4.1% | Open=none
2026-04-10 17:41:11,255 [INFO] Balance=100.00 | Equity=100.00 | Growth=0.0% | Trades=0 | WR=0% | PF=0.00 | DD=0.0% | Open=none
2026-04-10 17:41:50,203 [INFO] Balance=100.00 | Equity=100.00 | Growth=0.0% | Trades=0 | WR=0% | PF=0.00 | DD=0.0% | Open=none
2026-04-10 17:42:25,423 [INFO] Balance=95.91 | Equity=95.91 | Growth=-4.1% | Trades=1 | WR=0% | PF=0.00 | DD=4.1% | Open=none
2026-04-10 17:42:28,878 [INFO] Balance=100.00 | Equity=100.00 | Growth=0.0% | Trades=0 | WR=0% | PF=0.00 | DD=0.0% | Open=none
2026-04-10 17:43:26,768 [INFO] OPEN LONG INJUSDT @ 3.0150 | qty=219.194261 | SL=3.0013 | TP=3.0561 | score=5 | fee=0.3635
2026-04-10 17:43:26,769 [INFO] Signal: LONG INJUSDT | score=5 | funding=-0.0165% | signals=['SWEEP_BEAR(str=0.56)', 'OB_BULL', 'FVG_BULL', 'EMA_BULL', '15M_BULL', '1H_BULL']
2026-04-10 17:43:35,061 [INFO] Balance=99.64 | Equity=99.64 | Growth=-0.4% | Trades=0 | WR=0% | PF=0.00 | DD=0.0% | Open=['INJUSDT']
2026-04-10 17:43:40,338 [INFO] OPEN LONG INJUSDT @ 3.0130 | qty=210.223341 | SL=2.9993 | TP=3.0541 | score=5 | fee=0.3484
2026-04-10 17:43:40,341 [INFO] Signal: LONG INJUSDT | score=5 | funding=-0.0165% | signals=['OB_BULL', 'FVG_BULL', 'EMA_BULL', '15M_BULL', '1H_BULL']
2026-04-10 17:43:42,608 [INFO] OPEN LONG INJUSDT @ 3.0140 | qty=219.194261 | SL=3.0003 | TP=3.0551 | score=5 | fee=0.3634
2026-04-10 17:43:42,609 [INFO] Signal: LONG INJUSDT | score=5 | funding=-0.0165% | signals=['OB_BULL', 'FVG_BULL', 'EMA_BULL', '15M_BULL', '1H_BULL']
2026-04-10 17:43:43,184 [INFO] Balance=95.56 | Equity=95.56 | Growth=-4.4% | Trades=1 | WR=0% | PF=0.00 | DD=4.4% | Open=['INJUSDT']
2026-04-10 17:43:45,827 [INFO] Balance=99.64 | Equity=99.64 | Growth=-0.4% | Trades=0 | WR=0% | PF=0.00 | DD=0.0% | Open=['INJUSDT']
2026-04-10 17:45:01,049 [INFO] Balance=95.56 | Equity=98.29 | Growth=-1.7% | Trades=1 | WR=0% | PF=0.00 | DD=1.7% | Open=['INJUSDT']
2026-04-10 17:45:04,693 [INFO] Balance=99.64 | Equity=102.05 | Growth=2.0% | Trades=0 | WR=0% | PF=0.00 | DD=0.0% | Open=['INJUSDT']
2026-04-10 17:45:04,724 [ERROR] Too many visits. Exceeded the API Rate Limit. (ErrCode: 10006). Hit the API rate limit on https://api.bybit.com/v5/market/kline?category=linear&interval=5&limit=110&symbol=ARBUSDT. Sleeping then trying again.
2026-04-10 17:45:04,724 [WARNING] kline fetch error [ARBUSDT 5] attempt 1: 'x-bapi-limit-reset-timestamp'
2026-04-10 17:45:23,134 [INFO] Balance=99.64 | Equity=102.05 | Growth=2.0% | Trades=0 | WR=0% | PF=0.00 | DD=0.0% | Open=['INJUSDT']
2026-04-10 17:46:19,845 [INFO] Balance=95.56 | Equity=98.50 | Growth=-1.5% | Trades=1 | WR=0% | PF=0.00 | DD=1.5% | Open=['INJUSDT']
2026-04-10 17:46:21,859 [INFO] Balance=99.64 | Equity=102.49 | Growth=2.5% | Trades=0 | WR=0% | PF=0.00 | DD=0.0% | Open=['INJUSDT']
2026-04-10 17:47:12,168 [INFO] Balance=99.64 | Equity=102.92 | Growth=2.9% | Trades=0 | WR=0% | PF=0.00 | DD=0.0% | Open=['INJUSDT']
2026-04-10 17:47:37,188 [INFO] Balance=95.56 | Equity=99.13 | Growth=-0.9% | Trades=1 | WR=0% | PF=0.00 | DD=0.9% | Open=['INJUSDT']
2026-04-10 17:47:40,560 [INFO] Balance=99.64 | Equity=103.14 | Growth=3.1% | Trades=0 | WR=0% | PF=0.00 | DD=0.0% | Open=['INJUSDT']
2026-04-10 17:48:55,084 [INFO] Balance=95.56 | Equity=99.13 | Growth=-0.9% | Trades=1 | WR=0% | PF=0.00 | DD=0.9% | Open=['INJUSDT']
2026-04-10 17:48:58,706 [INFO] Balance=99.64 | Equity=103.58 | Growth=3.6% | Trades=0 | WR=0% | PF=0.00 | DD=0.0% | Open=['INJUSDT']
2026-04-10 17:49:02,900 [INFO] Balance=99.64 | Equity=102.92 | Growth=2.9% | Trades=0 | WR=0% | PF=0.00 | DD=0.0% | Open=['INJUSDT']
2026-04-10 17:50:10,755 [ERROR] Too many visits. Exceeded the API Rate Limit. (ErrCode: 10006). Hit the API rate limit on https://api.bybit.com/v5/market/kline?category=linear&interval=60&limit=60&symbol=LINKUSDT. Sleeping then trying again.
2026-04-10 17:50:10,755 [WARNING] kline fetch error [LINKUSDT 60] attempt 1: 'x-bapi-limit-reset-timestamp'
2026-04-10 17:50:15,429 [INFO] Balance=95.56 | Equity=98.71 | Growth=-1.3% | Trades=1 | WR=0% | PF=0.00 | DD=1.3% | Open=['INJUSDT']
2026-04-10 17:50:18,232 [INFO] Balance=99.64 | Equity=102.71 | Growth=2.7% | Trades=0 | WR=0% | PF=0.00 | DD=0.0% | Open=['INJUSDT']
2026-04-10 17:50:51,126 [INFO] Balance=99.64 | Equity=102.71 | Growth=2.7% | Trades=0 | WR=0% | PF=0.00 | DD=0.0% | Open=['INJUSDT']
2026-04-10 17:51:32,762 [INFO] Balance=95.56 | Equity=100.18 | Growth=0.2% | Trades=1 | WR=0% | PF=0.00 | DD=0.0% | Open=['INJUSDT']
2026-04-10 17:51:35,493 [INFO] Balance=99.64 | Equity=104.24 | Growth=4.2% | Trades=0 | WR=0% | PF=0.00 | DD=0.0% | Open=['INJUSDT']
2026-04-10 17:52:37,649 [INFO] Balance=99.64 | Equity=104.02 | Growth=4.0% | Trades=0 | WR=0% | PF=0.00 | DD=0.0% | Open=['INJUSDT']
2026-04-10 17:52:51,637 [INFO] Balance=95.56 | Equity=100.18 | Growth=0.2% | Trades=1 | WR=0% | PF=0.00 | DD=0.0% | Open=['INJUSDT']
2026-04-10 17:52:52,063 [INFO] Balance=99.64 | Equity=104.24 | Growth=4.2% | Trades=0 | WR=0% | PF=0.00 | DD=0.0% | Open=['INJUSDT']
2026-04-10 17:54:08,989 [INFO] Balance=95.56 | Equity=100.39 | Growth=0.4% | Trades=1 | WR=0% | PF=0.00 | DD=0.0% | Open=['INJUSDT']
2026-04-10 17:54:09,236 [INFO] Balance=99.64 | Equity=104.46 | Growth=4.5% | Trades=0 | WR=0% | PF=0.00 | DD=0.0% | Open=['INJUSDT']
2026-04-10 17:54:20,711 [INFO] Balance=99.64 | Equity=104.02 | Growth=4.0% | Trades=0 | WR=0% | PF=0.00 | DD=0.0% | Open=['INJUSDT']
2026-04-10 17:55:25,176 [INFO] Balance=95.56 | Equity=99.55 | Growth=-0.5% | Trades=1 | WR=0% | PF=0.00 | DD=0.8% | Open=['INJUSDT']
2026-04-10 17:55:26,935 [INFO] Balance=99.64 | Equity=103.58 | Growth=3.6% | Trades=0 | WR=0% | PF=0.00 | DD=0.0% | Open=['INJUSDT']
2026-04-10 17:56:11,602 [INFO] Balance=99.64 | Equity=103.80 | Growth=3.8% | Trades=0 | WR=0% | PF=0.00 | DD=0.0% | Open=['INJUSDT']
2026-04-10 17:56:42,185 [INFO] Balance=95.56 | Equity=100.81 | Growth=0.8% | Trades=1 | WR=0% | PF=0.00 | DD=0.0% | Open=['INJUSDT']
2026-04-10 17:56:44,436 [INFO] Balance=99.64 | Equity=104.90 | Growth=4.9% | Trades=0 | WR=0% | PF=0.00 | DD=0.0% | Open=['INJUSDT']
2026-04-10 17:57:58,797 [INFO] Balance=95.56 | Equity=102.08 | Growth=2.1% | Trades=1 | WR=0% | PF=0.00 | DD=0.0% | Open=['INJUSDT']
2026-04-10 17:58:02,937 [INFO] Balance=99.64 | Equity=106.87 | Growth=6.9% | Trades=0 | WR=0% | PF=0.00 | DD=0.0% | Open=['INJUSDT']
2026-04-10 17:58:05,827 [INFO] Balance=99.64 | Equity=105.99 | Growth=6.0% | Trades=0 | WR=0% | PF=0.00 | DD=0.0% | Open=['INJUSDT']
2026-04-10 17:59:18,505 [INFO] Balance=95.56 | Equity=103.76 | Growth=3.8% | Trades=1 | WR=0% | PF=0.00 | DD=0.0% | Open=['INJUSDT']
2026-04-10 17:59:19,664 [INFO] Balance=99.64 | Equity=107.97 | Growth=8.0% | Trades=0 | WR=0% | PF=0.00 | DD=0.0% | Open=['INJUSDT']
2026-04-10 17:59:57,344 [INFO] Balance=99.64 | Equity=108.19 | Growth=8.2% | Trades=0 | WR=0% | PF=0.00 | DD=0.0% | Open=['INJUSDT']
2026-04-10 18:00:27,544 [ERROR] Too many visits. Exceeded the API Rate Limit. (ErrCode: 10006). Hit the API rate limit on https://api.bybit.com/v5/market/kline?category=linear&interval=15&limit=60&symbol=AVAXUSDT. Sleeping then trying again.
2026-04-10 18:00:27,545 [WARNING] kline fetch error [AVAXUSDT 15] attempt 1: 'x-bapi-limit-reset-timestamp'
2026-04-10 18:00:36,655 [INFO] ✅ CLOSE LONG INJUSDT @ 3.0600 | PnL=9.7140 USDT (9.71%) | reason=TP | balance=109.35
2026-04-10 18:00:36,657 [INFO] Balance=109.35 | Equity=109.35 | Growth=9.3% | Trades=1 | WR=100% | PF=9714000000.00 | DD=0.0% | Open=none
2026-04-10 18:00:37,876 [INFO] ✅ CLOSE LONG INJUSDT @ 3.0600 | PnL=9.5267 USDT (9.53%) | reason=TP | balance=105.09
2026-04-10 18:00:37,878 [INFO] Balance=105.09 | Equity=105.09 | Growth=5.1% | Trades=2 | WR=50% | PF=2.49 | DD=0.0% | Open=none
2026-04-10 18:01:39,143 [INFO] OPEN LONG APTUSDT @ 0.8592 | qty=651.071713 | SL=0.8542 | TP=0.8742 | score=5 | fee=0.3077
2026-04-10 18:01:39,145 [INFO] Signal: LONG APTUSDT | score=5 | funding=-0.0159% | signals=['BREAKOUT_UP(vol_z=2.67)', 'EMA_BULL', '15M_BULL', '1H_BULL']
2026-04-10 18:01:47,995 [INFO] OPEN LONG APTUSDT @ 0.8594 | qty=652.847740 | SL=0.8544 | TP=0.8745 | score=5 | fee=0.3086
2026-04-10 18:01:47,997 [INFO] Signal: LONG APTUSDT | score=5 | funding=-0.0159% | signals=['BREAKOUT_UP(vol_z=2.68)', 'EMA_BULL', '15M_BULL', '1H_BULL']
2026-04-10 18:01:49,050 [INFO] OPEN LONG APTUSDT @ 0.8595 | qty=627.384540 | SL=0.8545 | TP=0.8746 | score=5 | fee=0.2966
2026-04-10 18:01:49,051 [INFO] Signal: LONG APTUSDT | score=5 | funding=-0.0159% | signals=['BREAKOUT_UP(vol_z=2.69)', 'EMA_BULL', '15M_BULL', '1H_BULL']
2026-04-10 18:01:52,373 [INFO] ✅ CLOSE LONG INJUSDT @ 3.0620 | PnL=9.9330 USDT (9.93%) | reason=TP | balance=109.26
2026-04-10 18:01:52,375 [INFO] Balance=109.26 | Equity=109.26 | Growth=9.3% | Trades=1 | WR=100% | PF=9933000000.00 | DD=0.0% | Open=['APTUSDT']
2026-04-10 18:01:52,712 [INFO] Balance=109.04 | Equity=109.04 | Growth=9.0% | Trades=1 | WR=100% | PF=9714000000.00 | DD=0.3% | Open=['APTUSDT']
2026-04-10 18:01:53,759 [INFO] Balance=104.79 | Equity=104.79 | Growth=4.8% | Trades=2 | WR=50% | PF=2.49 | DD=0.3% | Open=['APTUSDT']
2026-04-10 18:03:08,630 [INFO] Balance=109.04 | Equity=110.02 | Growth=10.0% | Trades=1 | WR=100% | PF=9714000000.00 | DD=0.0% | Open=['APTUSDT']
2026-04-10 18:03:11,454 [INFO] Balance=104.79 | Equity=105.86 | Growth=5.9% | Trades=2 | WR=50% | PF=2.49 | DD=0.0% | Open=['APTUSDT']
2026-04-10 18:03:56,107 [INFO] Balance=109.26 | Equity=109.85 | Growth=9.8% | Trades=1 | WR=100% | PF=9933000000.00 | DD=0.0% | Open=['APTUSDT']
2026-04-10 18:04:25,471 [INFO] Balance=109.04 | Equity=109.56 | Growth=9.6% | Trades=1 | WR=100% | PF=9714000000.00 | DD=0.4% | Open=['APTUSDT']
2026-04-10 18:04:28,465 [INFO] Balance=104.79 | Equity=105.17 | Growth=5.2% | Trades=2 | WR=50% | PF=2.49 | DD=0.7% | Open=['APTUSDT']
2026-04-10 18:05:41,820 [INFO] Balance=109.04 | Equity=109.96 | Growth=10.0% | Trades=1 | WR=100% | PF=9714000000.00 | DD=0.1% | Open=['APTUSDT']
2026-04-10 18:05:44,455 [INFO] Balance=104.79 | Equity=105.60 | Growth=5.6% | Trades=2 | WR=50% | PF=2.49 | DD=0.2% | Open=['APTUSDT']
2026-04-10 18:05:56,087 [INFO] Balance=109.26 | Equity=110.30 | Growth=10.3% | Trades=1 | WR=100% | PF=9933000000.00 | DD=0.0% | Open=['APTUSDT']
2026-04-10 18:07:00,527 [INFO] Balance=109.04 | Equity=109.04 | Growth=9.0% | Trades=1 | WR=100% | PF=9714000000.00 | DD=0.9% | Open=['APTUSDT']
2026-04-10 18:07:02,827 [INFO] Balance=104.79 | Equity=104.41 | Growth=4.4% | Trades=2 | WR=50% | PF=2.49 | DD=1.4% | Open=['APTUSDT']
2026-04-10 18:07:44,246 [INFO] Balance=109.26 | Equity=109.46 | Growth=9.5% | Trades=1 | WR=100% | PF=9933000000.00 | DD=0.8% | Open=['APTUSDT']
2026-04-10 18:08:16,326 [INFO] Balance=109.04 | Equity=109.30 | Growth=9.3% | Trades=1 | WR=100% | PF=9714000000.00 | DD=0.7% | Open=['APTUSDT']
2026-04-10 18:08:20,072 [INFO] Balance=104.79 | Equity=104.98 | Growth=5.0% | Trades=2 | WR=50% | PF=2.49 | DD=0.8% | Open=['APTUSDT']
2026-04-10 18:09:30,367 [INFO] Balance=109.26 | Equity=110.30 | Growth=10.3% | Trades=1 | WR=100% | PF=9933000000.00 | DD=0.0% | Open=['APTUSDT']
2026-04-10 18:09:31,893 [INFO] Balance=109.04 | Equity=110.09 | Growth=10.1% | Trades=1 | WR=100% | PF=9714000000.00 | DD=0.0% | Open=['APTUSDT']
2026-04-10 18:09:36,345 [INFO] Balance=104.79 | Equity=105.60 | Growth=5.6% | Trades=2 | WR=50% | PF=2.49 | DD=0.2% | Open=['APTUSDT']
2026-04-10 18:10:47,829 [INFO] Balance=109.04 | Equity=110.02 | Growth=10.0% | Trades=1 | WR=100% | PF=9714000000.00 | DD=0.1% | Open=['APTUSDT']
2026-04-10 18:10:54,285 [INFO] Balance=104.79 | Equity=105.54 | Growth=5.5% | Trades=2 | WR=50% | PF=2.49 | DD=0.3% | Open=['APTUSDT']
2026-04-10 18:11:20,995 [INFO] Balance=109.26 | Equity=111.02 | Growth=11.0% | Trades=1 | WR=100% | PF=9933000000.00 | DD=0.0% | Open=['APTUSDT']
2026-04-10 18:12:05,701 [INFO] Balance=109.04 | Equity=110.80 | Growth=10.8% | Trades=1 | WR=100% | PF=9714000000.00 | DD=0.0% | Open=['APTUSDT']
2026-04-10 18:12:14,117 [INFO] Balance=104.79 | Equity=106.61 | Growth=6.6% | Trades=2 | WR=50% | PF=2.49 | DD=0.0% | Open=['APTUSDT']
2026-04-10 18:13:09,346 [INFO] Balance=109.26 | Equity=111.08 | Growth=11.1% | Trades=1 | WR=100% | PF=9933000000.00 | DD=0.0% | Open=['APTUSDT']
2026-04-10 18:13:23,243 [INFO] Balance=109.04 | Equity=110.09 | Growth=10.1% | Trades=1 | WR=100% | PF=9714000000.00 | DD=0.7% | Open=['APTUSDT']
2026-04-10 18:13:32,373 [INFO] Balance=104.79 | Equity=105.29 | Growth=5.3% | Trades=2 | WR=50% | PF=2.49 | DD=1.2% | Open=['APTUSDT']
2026-04-10 18:14:38,351 [INFO] Balance=109.04 | Equity=109.17 | Growth=9.2% | Trades=1 | WR=100% | PF=9714000000.00 | DD=1.5% | Open=['APTUSDT']
2026-04-10 18:14:48,816 [INFO] Balance=104.79 | Equity=104.79 | Growth=4.8% | Trades=2 | WR=50% | PF=2.49 | DD=1.7% | Open=['APTUSDT']
2026-04-10 18:14:56,381 [INFO] Balance=109.26 | Equity=109.46 | Growth=9.5% | Trades=1 | WR=100% | PF=9933000000.00 | DD=1.5% | Open=['APTUSDT']
2026-04-10 18:15:54,169 [INFO] Balance=109.04 | Equity=109.37 | Growth=9.4% | Trades=1 | WR=100% | PF=9714000000.00 | DD=1.3% | Open=['APTUSDT']
2026-04-10 18:16:05,181 [INFO] Balance=104.79 | Equity=105.23 | Growth=5.2% | Trades=2 | WR=50% | PF=2.49 | DD=1.3% | Open=['APTUSDT']
2026-04-10 18:16:48,037 [INFO] Balance=109.26 | Equity=109.39 | Growth=9.4% | Trades=1 | WR=100% | PF=9933000000.00 | DD=1.5% | Open=['APTUSDT']
2026-04-10 18:17:10,102 [INFO] Balance=109.04 | Equity=108.91 | Growth=8.9% | Trades=1 | WR=100% | PF=9714000000.00 | DD=1.7% | Open=['APTUSDT']
2026-04-10 18:17:21,260 [INFO] Balance=104.79 | Equity=104.66 | Growth=4.7% | Trades=2 | WR=50% | PF=2.49 | DD=1.8% | Open=['APTUSDT']
2026-04-10 18:18:28,392 [INFO] Balance=109.04 | Equity=109.89 | Growth=9.9% | Trades=1 | WR=100% | PF=9714000000.00 | DD=0.8% | Open=['APTUSDT']
2026-04-10 18:18:36,208 [INFO] Balance=109.26 | Equity=110.24 | Growth=10.2% | Trades=1 | WR=100% | PF=9933000000.00 | DD=0.8% | Open=['APTUSDT']
2026-04-10 18:18:40,694 [INFO] Balance=104.79 | Equity=105.48 | Growth=5.5% | Trades=2 | WR=50% | PF=2.49 | DD=1.1% | Open=['APTUSDT']
2026-04-10 18:19:47,049 [INFO] Balance=109.04 | Equity=110.74 | Growth=10.7% | Trades=1 | WR=100% | PF=9714000000.00 | DD=0.1% | Open=['APTUSDT']
2026-04-10 18:19:59,570 [INFO] Balance=104.79 | Equity=106.36 | Growth=6.4% | Trades=2 | WR=50% | PF=2.49 | DD=0.2% | Open=['APTUSDT']
2026-04-10 18:20:29,422 [INFO] Balance=109.26 | Equity=110.95 | Growth=10.9% | Trades=1 | WR=100% | PF=9933000000.00 | DD=0.1% | Open=['APTUSDT']
2026-04-10 18:21:03,260 [INFO] Balance=109.04 | Equity=110.80 | Growth=10.8% | Trades=1 | WR=100% | PF=9714000000.00 | DD=0.0% | Open=['APTUSDT']
2026-04-10 18:21:16,693 [INFO] Balance=104.79 | Equity=106.29 | Growth=6.3% | Trades=2 | WR=50% | PF=2.49 | DD=0.3% | Open=['APTUSDT']
2026-04-10 18:22:21,539 [INFO] Balance=109.04 | Equity=109.76 | Growth=9.8% | Trades=1 | WR=100% | PF=9714000000.00 | DD=0.9% | Open=['APTUSDT']
2026-04-10 18:22:24,516 [INFO] Balance=109.26 | Equity=110.17 | Growth=10.2% | Trades=1 | WR=100% | PF=9933000000.00 | DD=0.8% | Open=['APTUSDT']
2026-04-10 18:22:35,931 [INFO] Balance=104.79 | Equity=106.04 | Growth=6.0% | Trades=2 | WR=50% | PF=2.49 | DD=0.5% | Open=['APTUSDT']
2026-04-10 18:23:43,402 [INFO] Balance=109.04 | Equity=110.41 | Growth=10.4% | Trades=1 | WR=100% | PF=9714000000.00 | DD=0.3% | Open=['APTUSDT']
2026-04-10 18:23:52,699 [INFO] Balance=104.79 | Equity=106.04 | Growth=6.0% | Trades=2 | WR=50% | PF=2.49 | DD=0.5% | Open=['APTUSDT']
2026-04-10 18:24:15,394 [INFO] Balance=109.26 | Equity=111.08 | Growth=11.1% | Trades=1 | WR=100% | PF=9933000000.00 | DD=0.0% | Open=['APTUSDT']
2026-04-10 18:25:03,384 [INFO] Balance=109.04 | Equity=112.05 | Growth=12.1% | Trades=1 | WR=100% | PF=9714000000.00 | DD=0.0% | Open=['APTUSDT']
2026-04-10 18:25:10,253 [ERROR] Too many visits. Exceeded the API Rate Limit. (ErrCode: 10006). Hit the API rate limit on https://api.bybit.com/v5/market/kline?category=linear&interval=60&limit=60&symbol=FETUSDT. Sleeping then trying again.
2026-04-10 18:25:10,254 [WARNING] kline fetch error [FETUSDT 60] attempt 1: 'x-bapi-limit-reset-timestamp'
2026-04-10 18:25:11,498 [INFO] Balance=104.79 | Equity=107.93 | Growth=7.9% | Trades=2 | WR=50% | PF=2.49 | DD=0.0% | Open=['APTUSDT']
2026-04-10 18:26:05,813 [INFO] Balance=109.26 | Equity=112.84 | Growth=12.8% | Trades=1 | WR=100% | PF=9933000000.00 | DD=0.0% | Open=['APTUSDT']
2026-04-10 18:36:09,631 [INFO] ============================================================
2026-04-10 18:36:09,632 [INFO] DepositBooster Paper Bot started
2026-04-10 18:36:09,632 [INFO] Strategy: Momentum Breakout + SMC | R:R=3.0 | Min confluence=4
2026-04-10 18:36:09,632 [INFO] Initial balance: $100.00 | Leverage: 20x | Risk/trade: 3%
2026-04-10 18:36:09,632 [INFO] Funding filter: ON | Breakout vol_z >= 1.5
2026-04-10 18:36:09,632 [INFO] Symbols: BTCUSDT, ETHUSDT, SOLUSDT, BNBUSDT, XRPUSDT, DOGEUSDT, ADAUSDT, AVAXUSDT, LINKUSDT, ARBUSDT, APTUSDT, INJUSDT, SUIUSDT, OPUSDT, FETUSDT
2026-04-10 18:36:09,633 [INFO] ============================================================
2026-04-10 18:36:28,900 [INFO] Balance=100.00 | Equity=100.00 | Growth=0.0% | Trades=0 | WR=0% | PF=0.00 | DD=0.0% | Open=none
2026-04-10 18:37:47,124 [INFO] Balance=100.00 | Equity=100.00 | Growth=0.0% | Trades=0 | WR=0% | PF=0.00 | DD=0.0% | Open=none
2026-04-10 18:39:06,868 [INFO] Balance=100.00 | Equity=100.00 | Growth=0.0% | Trades=0 | WR=0% | PF=0.00 | DD=0.0% | Open=none
2026-04-10 18:40:08,101 [ERROR] Too many visits. Exceeded the API Rate Limit. (ErrCode: 10006). Hit the API rate limit on https://api.bybit.com/v5/market/kline?category=linear&interval=5&limit=110&symbol=ETHUSDT. Sleeping then trying again.
2026-04-10 18:40:08,101 [WARNING] kline fetch error [ETHUSDT 5] attempt 1: 'x-bapi-limit-reset-timestamp'
2026-04-10 18:40:10,677 [ERROR] Too many visits. Exceeded the API Rate Limit. (ErrCode: 10006). Hit the API rate limit on https://api.bybit.com/v5/market/kline?category=linear&interval=15&limit=60&symbol=SOLUSDT. Sleeping then trying again.
2026-04-10 18:40:10,677 [WARNING] kline fetch error [SOLUSDT 15] attempt 1: 'x-bapi-limit-reset-timestamp'
2026-04-10 18:40:29,830 [INFO] Balance=100.00 | Equity=100.00 | Growth=0.0% | Trades=0 | WR=0% | PF=0.00 | DD=0.0% | Open=none
2026-04-10 18:40:47,147 [INFO] ============================================================
2026-04-10 18:40:47,147 [INFO] DepositBooster Paper Bot started
2026-04-10 18:40:47,147 [INFO] Strategy: Momentum Breakout + SMC | R:R=3.0 | Min confluence=4
2026-04-10 18:40:47,148 [INFO] Initial balance: $100.00 | Leverage: 20x | Risk/trade: 3%
2026-04-10 18:40:47,148 [INFO] Funding filter: ON | Breakout vol_z >= 1.5
2026-04-10 18:40:47,148 [INFO] Symbols: BTCUSDT, ETHUSDT, SOLUSDT, BNBUSDT, XRPUSDT, DOGEUSDT, ADAUSDT, AVAXUSDT, LINKUSDT, ARBUSDT, APTUSDT, INJUSDT, SUIUSDT, OPUSDT, FETUSDT
2026-04-10 18:40:47,148 [INFO] ============================================================
2026-04-10 18:41:02,533 [INFO] Balance=100.00 | Equity=100.00 | Growth=0.0% | Trades=0 | WR=0% | PF=0.00 | DD=0.0% | Open=none
2026-04-10 18:41:49,468 [INFO] Balance=100.00 | Equity=100.00 | Growth=0.0% | Trades=0 | WR=0% | PF=0.00 | DD=0.0% | Open=none
2026-04-10 18:42:17,868 [INFO] Balance=100.00 | Equity=100.00 | Growth=0.0% | Trades=0 | WR=0% | PF=0.00 | DD=0.0% | Open=none
2026-04-10 18:43:06,862 [INFO] Balance=100.00 | Equity=100.00 | Growth=0.0% | Trades=0 | WR=0% | PF=0.00 | DD=0.0% | Open=none
2026-04-10 18:43:33,853 [INFO] Balance=100.00 | Equity=100.00 | Growth=0.0% | Trades=0 | WR=0% | PF=0.00 | DD=0.0% | Open=none
